"","LD1","LD2","LD3","LD4","LD5","LD6","LD7","LD8","LD9","LD10","LD11","LD12","LD13","LD14","LD15","LD16","LD17","LD18","LD19","LD20","LD21","LD22","LD23","LD24","LD25","LD26","LD27","LD28","LD29","LD30","LD31","LD32","LD33","LD34","LD35"
"Ailurus_fulgens",-4.70552598171791,-0.642527480036929,-1.4968941349607,-3.36259350452745,-1.02187658859663,-2.60727089237008,0.7122025690335,4.16907821451502,4.37132280293424,4.64655627828568,3.33778290114336,5.13410837099003,-1.24815096718576,0.00585599194873343,-1.41539363196213,-0.0352458814606949,2.01936020197202,0.797235198086074,1.49800900604167,0.44830315264804,0.133420775626809,1.51272696255435,-0.596393440441279,1.75588667932728,0.844359064538632,-0.999612868945954,-0.558644612637397,-1.67202175025209,0.492773452627839,-0.382482948165918,-0.276256241941351,1.32694710630091,0.356699573810318,0.668811678312326,-0.744223044146659
"Canis_adustus",-0.843307598235501,-13.3462235760303,-6.41045960015825,4.45094901683495,-0.305770478618606,1.81777104210746,-0.456047842897166,-1.61147398229894,0.968335726562296,-0.0521756001246798,-1.56510855639732,-1.22636862285237,-0.899657251948768,-0.711702796715986,0.409091098000907,-0.459844834529413,0.860676457217328,1.11616071864684,-0.966183888930147,1.13547586109186,1.54937585529647,-0.0508883337726097,0.69093095122629,0.495791673970003,0.114484103997545,-0.10363534543823,1.59645055068206,0.536558063753123,0.721804867772318,0.350393282942658,-0.286656455638642,-0.182907792409524,0.154085993524123,-0.405331202514774,-0.165391912164488
"Canis_anthus",-0.735028483238342,-12.6679153513945,-4.76974918579676,4.26577745496568,0.26305080905807,2.42149197001393,0.123021872213774,0.465270636104432,0.286900398409488,0.0148350841738653,0.0723463412002243,-0.29029156869811,-0.325041153636078,-0.320056551384166,0.395230809997478,0.317468395062707,0.070211979228133,-0.163553488465007,-0.0159073120519145,0.56193092978299,-0.364612724036217,0.739814511378928,-0.222970071199635,0.674703461108076,-1.0729555984424,0.318701592535415,-0.00999838782394361,-0.557830368911787,-0.471294104407591,0.191698352128797,-0.327455416948933,-0.247463379942645,-0.725027719440055,-0.0822087883000855,-0.121802620871482
"Canis_dingo",1.67150013900339,-13.712511752051,-3.48452216710441,4.34901499624087,1.46356515933641,2.29437900453102,-0.145814891273391,0.700651379060983,0.183356586699734,0.366683052335268,1.91560952109684,0.592738050871515,0.816910612713991,-1.28811988904395,-0.063657805159903,0.579829449735681,-0.0282668544494448,-0.67322546671387,0.970727874602431,0.987868065732718,-0.331955667745094,-0.420183953334734,0.736975837659597,1.1388124443521,-0.776845015949063,0.175420310940158,0.648447206069089,-0.385284511472942,-0.665260155751173,1.32955606164001,-0.0422976299718654,-0.829864245853846,-0.718440196422277,1.36821020751006,0.467227363584099
"Canis_latrans",3.05654455548989,-16.1770823423244,-5.40000403845939,5.62424180050438,0.323159075744759,3.37041338103945,-0.537831764993562,-0.758531214988553,0.757135207616675,0.753781953815254,0.570713283750655,0.480158171820733,0.77463262347009,0.0108309382413377,-0.0399777392967887,1.34239983485378,-0.156756018509627,0.437093742066163,-0.342014216232528,-0.917635844317724,0.903182684823194,0.387376904190302,0.159214225119447,-0.0594786947065279,-0.212709192264266,0.863002378520553,0.432936526815158,0.695707200504856,-0.795523240413616,-0.0231319523751064,-0.726436489164263,-0.116645568945607,-0.152731775643874,0.941976210609723,0.3083879102963
"Canis_lupus",7.36111919416092,-23.355679846314,-5.34585583654005,5.7183933742214,0.908742480613802,2.5639331772845,-1.24686737779641,-1.4460373771212,1.64116951026495,-0.175760095762311,2.97773538457368,1.2003438385724,0.0103430631627934,-0.271401109765823,1.10451028622249,0.00770799518754067,-0.835702929124044,-1.45324237762075,0.68880473113789,0.0608674803551433,-2.16823717201573,0.869081622625562,0.304171729758346,-0.779588270923542,0.0197731360068409,-0.968675561482887,-0.145118274556028,-0.258816986595968,-0.117699587450409,0.162777117363699,-0.00157852347465903,0.430911593038855,-0.330183505770358,-0.0266952938459222,-0.531394455227015
"Canis_lycaon",7.26918011506404,-21.8604539172435,-5.8997790778706,5.12672078727536,1.07798574396274,2.31784268154891,-1.59641475536824,-1.22784792894168,1.18277017517645,-0.214963384917032,2.72282479750529,0.9396045795359,-0.305269355185055,-0.159355308337262,1.03628804593116,0.646062482361188,-0.524021463757432,-1.31986372617688,-0.395545110143569,0.384255142274571,-1.72838732435341,1.30447205508495,-0.0396315407340226,0.328322697352406,-0.203355486603043,-0.393507505915145,0.0511711315246045,-0.989714774499332,-0.739086577878527,-0.238902730562362,0.490217016930594,0.407228654309427,-0.186858809604549,-0.00704336424302193,0.145310370186376
"Canis_mesomelas",-1.07966629332858,-11.6949746828555,-3.63371680196238,3.68450889019328,0.798280350581787,3.21506163343096,0.104483654935208,-0.559421379595085,0.926942741305641,0.542371733769725,-0.619793387387699,-0.686507971283243,-0.140161357483331,-0.37904443793976,-0.663283071679064,0.00373218007398719,0.216078523717197,-0.466904190890389,0.00920725544833534,0.810818852903636,1.11437869695055,-0.592620805249687,0.767742820403113,0.268074603367989,-0.112739313439466,-0.634775453918752,0.285209195839945,-0.749455980529163,-0.200321450858295,0.093429619413676,0.137772619199503,0.319043425457362,-0.0487058060869024,-0.432048846879399,0.185989585808406
"Canis_rufus",5.35383313040793,-19.3056204250924,-5.96460174957294,6.11824221534106,0.627149320297315,2.23645809417408,-1.02567770202616,-0.460927370740871,1.33333926523391,-0.716261038616978,1.16311147819218,1.52248495000341,0.0118577546440411,0.180407512670272,0.512143165620595,0.0376929259106225,-0.876139461205915,-0.420247773050083,-0.306843522719684,-0.242889533290841,-0.667509427693103,0.699413522966189,0.511031805765427,-0.0207245367234377,-0.235586633645441,-0.589698390960218,0.566358846344977,-0.110666043921832,0.00198805991250142,-0.0183733574697844,0.316011118899618,0.414450756756666,0.0100801018766153,0.217179769228993,0.0343211344018117
"Cerdocyon_thous",-2.50326208994181,-9.55832638685388,-5.0179859105184,1.27110315628015,0.525516114111751,3.37516473778614,-1.21119503657496,-0.878544308147523,-0.712643853865219,0.44647359224884,1.09956648409486,-0.28297109363741,-0.00854794879837149,-0.725349066782019,-0.685778844954422,0.0370136576869078,0.735572692428739,1.56183765031804,-1.45488611406619,0.264041029452644,1.37384910137412,-0.190970097465207,0.944089487103302,0.544906428084081,0.989143281121371,1.01883690444001,0.204339535574778,-0.197017122021178,-0.673936955028317,0.347036679085509,-0.0274286213365068,0.231377803077946,-0.345604020228466,-0.29654508140344,-0.433775349976769
"Chrysocyon_brachyurus",7.19134505486544,-22.0670565253776,-8.05595006127206,6.23263139722208,-1.33960981383438,2.95581926624198,-2.66226268474714,-0.916150743548855,2.3426720485648,0.00399440094592991,2.10258742570606,0.690724708636789,0.00897395070317805,1.50562518066881,0.391350649391992,1.76839590435542,0.424336043065621,3.09377696966274,-2.06671008688183,-5.0477910565518,1.92022839863788,1.2507391911687,0.413839362814196,-0.773189556344534,0.958816242635985,-0.381338292275473,-1.29294329985993,1.28964091425292,1.72873312621028,-0.737502978878276,-0.434885876384486,-0.238376056374479,0.0966912824271015,-0.300427591642719,-0.0589751645609634
"Lycalopex_culpaeus",-0.711749502846812,-14.5122387052823,-5.94254717432639,4.42324121376574,-1.52457740726289,3.44091937098429,0.121328495587557,-0.207958568964003,-0.431995227049074,0.266985256362136,-1.40119539725718,-1.16250811798248,-0.673548777522917,0.424017601394907,-0.416964936441209,-1.21063480498235,-0.210240094555504,2.08878577985572,-0.683048737942129,0.329890248144013,-0.541271197712327,0.762495971270939,-1.43220481207689,1.1016444178872,-0.136105893066097,0.391307059233739,1.63310647591056,0.811155603418719,1.19214156312887,-0.308839091769434,0.206526846500787,-0.650963065446428,0.251030800772202,0.370611925258127,-0.351441861026785
"Lycalopex_griseus",-3.42222631910492,-9.42620402784364,-4.57563689888095,3.5517541904455,-0.998706012397349,3.33785130497815,1.1145441639983,0.142771054303356,-0.610206880419897,0.84050112194298,-1.12217478126806,-0.501523291250964,0.219591203892979,-0.810675489796923,-0.0830936076223559,-0.285551037596271,0.793169350817549,1.16264854145735,0.039786459872664,0.630487408034682,0.547640828761202,-0.587681337052303,0.271365403532592,0.582288446902843,-0.513445947411555,0.431574971444829,0.544981591715871,0.337081275523648,0.207258133668341,-0.10311971882123,-0.171053511070316,-0.514871627550231,0.211347189981182,-0.218514227077236,0.443200304246596
"Lycalopex_gymnocercus",-2.85131273645996,-10.5341347463051,-4.70040764458886,3.833619456886,-0.722873016034288,3.15744458878557,0.324906799758945,-0.207942070305428,-0.939634615941164,0.556594276445369,-0.776823825611647,-0.87379168286984,0.0522784465444379,-0.547389493459027,-0.231639732873262,-0.392287963279426,0.522186789460279,1.08612130188749,-0.378580057420357,0.641372218158947,0.644893069910601,0.195125515323101,0.223037582399269,0.604338873697697,-0.31694246637491,0.636987724865593,0.893098373608935,0.0925975058001736,0.40724899075428,0.0311951412820225,-0.175434931139526,-0.312236564521683,0.252136247343867,0.00141275735707816,-0.0795416131401619
"Lycalopex_sechurae",-5.23391205726905,-6.96274353499496,-3.9429051889364,2.43288509502834,-0.638598602723043,2.5820789101075,-0.0122243197902368,-0.101588105238051,-0.0920519377603599,0.235649014063819,-0.818941688161785,-1.39667625033827,-0.15290066216156,-0.625527154451567,0.562247810233865,-1.25320037449395,0.296267050288779,-0.0472535652377868,-0.668092419103354,0.739201843954793,0.9027609281562,-0.910549618740353,-0.164589948024776,0.367736343755268,0.132996047025368,-0.142153526588411,0.640378490086105,0.781954917820286,0.079239004644602,0.568339826550638,0.015589151759739,-0.718144192791253,-0.0389934925303025,-0.163742940363912,0.35859252417274
"Lycalopex_vetulus",-5.17107024479934,-5.64479394332056,-2.68146986942382,1.9510275571303,0.130621839051418,2.79707496622686,-0.40233647627059,0.117786056503131,-0.948563663405403,1.19323124333834,0.128834536307766,-1.18784410283594,0.294293640282823,-1.06701639787759,-0.0915159101500418,-0.170315218956548,0.331993190508148,0.584747336820242,-0.561113803099305,0.8577050004047,0.778445334266279,0.00988177966293996,0.434583652691254,1.2275026258113,-0.145806213531378,0.920344406633387,0.460303751085075,0.518510171869947,0.448997438192709,0.231857041003806,-0.409142328576828,-0.283580327307755,-0.512181049829333,-0.00127954922854384,-0.430463414433455
"Lycaon_pictus",6.41892188099587,-15.9619457940193,-0.360030573058544,1.52893917071323,3.68575842345449,4.40271088952245,-0.0851977229413892,0.605921938506527,0.571971886584433,0.814266544034334,1.90253057223682,0.451036815139364,0.419983799337238,-0.649400474892558,-1.0736720564471,1.99849562267686,0.455356627183361,-3.28636677235473,1.15682579950352,2.07701342742632,-0.384743116930568,-1.08858745145264,-0.178310826226245,3.83972092764172,-1.05510173145725,-1.36165339280624,-0.881092465124716,0.321521113723151,0.0572261710601153,-0.561732763016082,0.0499400050863954,0.90817037575011,0.687362579851087,-0.420630043666887,0.597491363920036
"Nyctereutes_procyonoides",-4.78775328472023,-5.00061513095745,-2.45065066484987,3.5621537816879,1.14068519860174,1.77802756440957,-0.662646757305867,0.411435743299457,-0.475182366463882,0.332283844218194,-0.429598897166025,-1.20855862620953,0.708846411392291,-1.31046537780618,0.341225331926331,0.024568412085262,0.0752623291533328,0.0309779425386804,-0.327998244154152,0.727629902222324,0.014475134334183,-0.498873502387235,-0.0759149926876693,0.466456879090474,1.03118623752124,0.514308152511807,0.66570606501345,0.850638912222656,1.17038461918265,-0.270228652466499,0.571313956087478,0.747103366017549,0.54646931328331,-0.00569832719915403,-0.248971708233075
"Otocyon_megalotis",-5.24727962779157,-5.64832639324193,-2.24172831682033,5.29213320045216,-0.887757581870237,0.342428722934071,-0.29989983536336,-0.28733585249816,-0.0758594563234597,0.996564859115804,-1.27280226303242,-1.3744669525669,0.793569952634749,-0.318104834491259,0.642474974321563,-0.598368082936654,0.45671219767012,0.647733855150767,-0.374692473428707,0.0972445692535119,-0.83771626931756,-1.03989543200864,-0.685816670680253,-0.446071054941738,0.709516317951116,1.53323455290303,-0.361259343197603,-0.61381575449096,0.724676761947344,-0.753155128318661,0.170923880465781,1.04560315746269,-0.177872698613988,-0.829528259124956,-0.492254002788403
"Speothos_venaticus",-1.22997110022555,-5.29001923730916,-1.21524228262484,-0.807727623148313,2.76424599965584,3.28500667211023,-0.619262346023495,1.73049729218725,-2.26947822559904,0.194297875819641,-0.48026564179528,-2.23702502621132,-0.428292255429996,-2.89687963759254,0.295647162295637,-1.60566179476131,1.28434259644029,-0.778254623980339,0.222441972871986,0.116082606669277,-0.620237311065116,-0.935551842323708,-0.410692689121856,1.11486998511749,1.39646118139562,0.18058755080991,-1.16298592654182,1.64213015703243,-1.62082979902564,1.1933012861704,-0.541534307257041,0.647424296463118,1.10606472421074,0.275980239458661,-0.424122010688554
"Urocyon_cinereoargenteus",-4.30936200659522,-6.73595274579676,-2.29181004046914,2.32922081237948,-1.71155162254886,3.46124810144201,0.0759359534364369,0.24634021306037,0.231814017190594,1.77352942100822,-2.09931242552954,-1.69208314563851,0.329315070352385,-0.121170807139362,0.240590972954187,-1.26876172969878,0.303354014739422,0.851888493471971,-0.279235957422577,0.73685498784491,-0.355440183414779,-1.3088911972382,-0.417339071136305,-0.398507300889172,-0.142151108548624,1.16517447601903,-0.26143366161818,-0.0892584558135007,-0.801377033553461,0.126216637546948,0.0398841847211463,-0.0176909968003893,0.0631854728443627,-0.565034510518853,0.582628730590069
"Urocyon_littoralis",-6.10662955380566,-4.6038182352234,-1.72581359775955,2.36649817129894,-0.513666084587026,2.92258241150521,0.494092508800194,0.768451332852883,-0.108166410430154,2.02833746689686,-1.664015900782,-1.28084766364052,0.361706409524805,0.125553130713039,0.978708543971257,-0.815197639712397,0.328680418962908,0.585229196557558,0.144994238425064,1.1283796296669,-0.336778666780883,-0.772233388431371,-0.402829695423576,-0.923445741402348,-0.222669004756991,0.999076266066733,-0.457110659020356,-0.0486180612440726,-0.746258446771843,-0.508043790018109,-0.444822634182704,-0.0314363446681227,-0.0320546632378381,-0.358310719581339,0.612777993795342
"Vulpes_chama",-3.96306824536205,-6.21479731236896,-2.52161772933218,2.81126752388735,0.249783268171972,4.1220343656608,-0.445470911265451,-0.29247874027208,-0.560915734372712,1.16345613316442,-1.1818054191605,-1.16660121160638,0.897959335506735,-0.675595091972893,-0.459639026340063,-0.767838472746271,0.262563163153419,0.564372528176135,-0.389576161055533,0.981095787259814,0.764682010694365,-1.36608796094598,0.609880878604564,0.0204081940279336,-0.246093079977203,-0.354886092157309,0.189308428015986,0.0647192839127194,-0.157273002765301,-0.303567964383675,0.69717297230306,-0.152384284028006,0.012347093652198,-0.00423515740531191,0.30462682586631
"Vulpes_lagopus",-3.27514340814406,-8.29482617098137,-3.07458973371443,3.60678915992454,1.8215748939471,2.70008662985528,-0.0310628291092391,-0.184754740792469,0.285048780845337,1.01122912795194,-0.444397209833673,0.321803503795724,0.659450605077897,-0.233363150405307,-1.0412196554617,-0.0231834569665478,0.358486079071688,-0.340031157018968,1.79914476402188,-1.19149680520626,0.218884422045558,-0.0170402724105209,0.817378546877006,-0.880729387655843,-0.0143160927430728,-0.748356895789859,0.252313479776771,-0.487361027805101,0.559065921373108,0.263761697603129,0.199233479124221,-0.0556109950355546,-0.323886683585877,0.241875863565868,-0.209533091886723
"Vulpes_macrotis",-5.02290696198,-7.76149195393685,-3.12595087455154,4.46161439436876,0.134581467760714,3.81301520251322,1.20162363148469,0.272959721610287,-0.318848470528218,0.678438383385374,-1.78390477572295,-0.579509581089311,1.40198108436814,-0.587143008505397,-0.911423015817953,-0.949038491595236,0.37222558049807,0.257366655749508,1.01155476511746,0.504766217174031,0.672711011931838,-0.694967033124446,-0.119025164986033,-0.639232876005254,-0.211291588172907,-0.869727097705289,-0.530891824328459,-0.183444980419706,-0.401182398260866,-0.43211825257125,0.312788267359138,-0.453890583166526,0.538884007353654,-0.0487137994481495,0.465713973091828
"Vulpes_rueppellii",-5.87530757684566,-6.41799048265953,-3.4255072735925,4.24415830948417,0.537581511520604,3.48768012035648,0.571476984101809,-0.0604562006751308,-0.523614597847992,0.175142967223801,-1.44596862201038,-1.26459590447659,1.1190124908022,-0.536822507351443,-0.619353073621954,-1.04565445626301,-0.072608252635612,0.370689594071909,0.179739399180736,0.952207574097693,0.761284027173898,-0.550051919236667,0.0745310880038224,-0.33503465326868,-0.342873065515795,-0.341200498866059,0.108955486463458,-0.69072919538501,-0.416245665070152,-0.00284139625750635,0.467004222876372,-0.143151671158773,0.277138570760738,-0.411048786318354,0.364801159584539
"Vulpes_velox",-5.18073662516729,-8.37477906390292,-3.76732580020261,4.56414764502996,1.83901856420369,3.81941692054802,0.469935443637468,-0.141636304559705,0.806158785387354,0.895009862843362,-0.175814154575801,-0.398509065366454,1.42390773921431,-0.215234943424423,-1.01707921989158,-1.57369047207074,0.248923429717749,0.34603956343296,0.883045032290073,-1.07474937252366,-0.203830841398977,-0.486643024908485,0.0715932510465985,-0.659021139999895,-0.410726748124341,-0.754179808417598,-0.937614792584999,0.0486861111207496,0.0827687534986895,-0.307111175249398,0.437672226067057,0.250012901734277,-0.323888240857842,0.435552697532274,0.116258377536744
"Vulpes_vulpes",-2.29709414071125,-11.6260668003118,-5.21113055550372,4.53128075723205,-0.0374263334005778,2.84641898215847,0.169347571473973,0.0914120977378367,1.14833598161639,0.373818891501729,-1.40320039990124,0.148366555815303,-0.248207744347387,0.688848622702991,-0.955405346080449,-0.933330240642465,0.931270852712025,0.384837278911095,0.596488464151256,-0.622653949121267,0.877286112302926,-0.292371113330445,0.103782619939471,-0.99016727913691,-1.47614675075753,-0.0571415747797273,0.257122720329631,0.00954329425213429,0.0203586266583594,-0.443004993922263,-0.711006405115037,-0.154147974616172,0.564482849436656,0.513841038753593,0.563894467219621
"Vulpes_zerda",-8.00529047592871,-2.06609947298715,-1.46147773902782,4.20278270887932,0.433999751153513,2.79218296992093,0.087174937982007,1.2993849041696,-0.38706295561027,0.440324350222489,-0.687345027438518,-1.59552680882009,1.45406126401148,-1.45383009435281,-0.964163526439018,-1.8620603610796,0.0807840101802428,0.980164880819054,0.327390497643495,-0.0496521677244923,-0.341322452158339,-0.223231469530306,-0.613941385761777,-0.0897450669439898,-0.894005532378844,0.648314052675641,-0.340474794712949,0.149168639457404,-0.353778182587043,-0.124309169609642,0.035415580607987,0.0297955264882979,-0.262370582702838,0.60449413477088,0.145885560114784
"Conepatus_chinga",-8.81544745219412,6.19910192737021,-1.15211857127924,1.42953601575694,2.49340524185281,0.685269426122296,-1.4412333501092,3.16950961951449,-0.0163780293540864,-0.0520873607422315,1.69814733907939,-0.465607226039495,0.591898037213843,1.76653770277178,1.73172871915094,0.93838903102478,-0.49904479650247,-1.05063776474439,-0.626067408824495,-0.125486434337757,0.165734186601105,0.742766133253243,-0.331741038351355,0.347921934780153,-0.589914486316603,0.889794321938722,-0.343583552141841,0.470108923601659,-0.0477959277170792,-0.203385217118786,0.451055095930947,-0.825877868053321,0.217160600349945,-0.306023362661639,-0.216919664313448
"Conepatus_humboldtii",-9.83652962362167,5.7553568918823,-1.39996092999774,1.58534580709348,2.55085897669813,0.936692528385562,-1.05357670994905,3.18785478375364,-0.263834075662881,-0.177057933039419,1.5356174589201,-0.825979999168909,0.254737099494605,1.84767580379442,0.839705811549296,0.979382362521809,-0.417599809909635,-0.93753598690174,-0.728240038528249,-0.197910046066453,-0.205673568388053,0.789707183020007,-0.270426669538142,0.150225796073664,-0.341082293941562,0.376289152227601,-0.397010162240147,0.431569596007771,0.0556967241636265,-0.0936969640177001,0.0353995216756658,-0.89143727829688,0.116840790258837,0.0594882526693414,-0.193170579640299
"Conepatus_leuconotus",-8.50217090247076,6.55390837441461,-0.622063604602242,2.05488735362408,2.54049873526445,0.472704936188569,-1.44012208846451,3.32535282303165,-0.421462211351564,0.269404298154707,2.3708937754897,-0.353445468689931,0.677514713507002,1.72487344774625,2.53980483472667,1.17725202676274,-1.49366350583265,-1.27154426090556,-0.334443807898339,-0.0573267130745052,0.000396045988389049,0.463467460918047,-0.463579917300429,0.701385834075621,-0.328380215565189,1.14013191273614,-0.0937904200179498,0.810758168219579,-0.364565250678889,-0.544219804607957,0.490339729712105,-0.521961659704236,0.137275411636883,-0.100448983730087,0.0757074799598627
"Conepatus_semistriatus",-7.84947762971816,7.22949822667838,-0.960013063773088,1.86239589249324,2.39979555385737,1.33355040312805,-1.9192867067547,2.61927542036303,0.0585454680574522,-0.259252770714444,2.46377312607778,-0.772671918409223,0.464586940315874,2.16144838458631,2.5523951590991,1.34514123039643,-0.473274413392009,-0.643451831094763,-0.65242198340243,0.412841467069357,0.380855306185978,0.881300711791848,-0.490186313350843,0.488700706950474,-0.884376338880547,1.01093481058189,-0.0184257730186221,0.369440613904283,-0.179889605273263,-0.965573927300638,0.330214639106348,-0.70341885475797,-0.0744733758141278,0.0312778566937159,0.361711618889198
"Mephitis_macroura",-11.5777637467988,4.97077025079343,-0.227333853340031,1.91408436621275,2.22275341675265,1.39960064233659,-1.58741482212192,1.71837913222186,-1.07214652875125,-1.1201618514195,2.05117093929844,-0.488590607300342,-0.801098496195426,1.84537195116616,0.50202469339296,0.594309200483647,0.464484434738166,-1.5486105439695,-0.210420219513354,0.634122481478834,0.480029111807897,-0.0214789190152218,0.374502370375027,-1.15259423091935,0.326556149533694,0.473383781764283,0.0711656471721504,-0.206134966544574,0.263268560102485,0.119922836893202,0.871618440537035,-0.166337313825725,0.961640063742045,-0.212302992108711,-0.51215848997069
"Mephitis_mephitis",-10.2219613187433,5.3954594277509,-1.1081582342338,1.80929676000114,2.4537876778777,1.07982914521034,-2.28501749026368,1.91729106308014,-1.21125268553175,-1.79375284391515,2.2366619857216,-0.615429924159028,-1.25639794351647,2.16978402686213,0.634557587011523,0.796009261567773,0.719589074709553,-1.75965890422625,-0.619888992515841,1.29705543727262,0.103655903085796,0.469319456903705,0.831552744997263,-1.77634312858567,0.0534685439006615,0.473478405688455,0.60761283181076,-0.180212654025326,0.457852125128065,0.433639327133335,0.53157952478804,-0.328166994081579,1.110137477965,0.0940440824747061,-0.66806053955688
"Spilogale_angustifrons",-12.8604089249446,6.70009785285498,-1.45546279644024,2.89387999083317,2.32160013577277,0.695273219844217,-1.48842412575405,1.56482044499705,-1.90345615622966,-1.31261120094383,1.85912606732031,-0.741652522025038,-0.383488862152266,1.01589713398323,-0.349725574466067,1.2006250434036,-0.519461685065848,-0.913803083680394,0.305776913799713,-0.130141761051749,0.317172326180924,-0.174555744096224,-1.00179982491694,-0.664494599128086,-0.505651230285807,0.171935396639408,0.0201541195845777,-0.333621089256729,-0.150133945060928,-0.653566484282951,0.288055858713188,-0.0689374582949256,-0.100067193182461,-0.250729990594255,0.0353362421926406
"Spilogale_gracilis",-12.7610313425709,6.22624066236711,-1.78349089087137,3.36105883709269,1.844284890039,0.976534085961783,-1.0760318645599,1.89786038527913,-2.18334949366122,-2.10333154426305,2.4053679069393,-1.03897866712369,-0.116770996705282,1.05528526921982,-0.581443827302716,0.806159058470684,0.331653049641085,-1.42843875915242,0.55926873033866,0.999007018902958,0.0964772180909458,0.0427863954204196,-0.403237858731632,-1.53775567073934,-0.556822215666689,-0.0164430614530526,-0.429278929841856,-0.550921455036152,-0.076935810775666,-0.690990758408513,0.455063861080858,-0.519544947207794,0.597663405591932,-0.169382342436272,-0.245964719932023
"Spilogale_putorius",-12.4128083942484,6.8126992327272,-1.12525235795233,2.69493425173514,2.13030156465247,0.87268241994302,-1.7446484709338,1.51665151326718,-1.92810445171877,-1.41471348251314,1.79577965386889,-0.660920284729014,-0.584020548111918,1.10310669794945,-0.0338992983340846,0.712761034442846,-0.47651933952643,-0.884699385396566,0.194685041831735,-0.159635963956734,0.537952749618289,-0.0485316894318837,-0.899565259644175,-0.516325948453969,-0.639596678433495,0.047737836064716,0.0630633974136402,-0.265390706771388,-0.196112189752089,-0.420744970390549,0.323139014041386,-0.178825594405379,-0.0593225637265751,0.0180924874207969,-0.0680578135780923
"Eira_barbara",-2.70201366902406,6.26262326895109,-1.22751409358133,-3.78391684845629,0.00577599907213466,-4.45507191095185,-0.265057271620322,1.84423834277508,1.37169106917724,-0.778922698000874,-0.981253644990926,-0.491627955347622,0.238340069000587,-1.0646687677507,-2.81781094463744,0.936077731227781,0.941165491700955,1.67205022197195,-0.622433182233428,-0.208649910598352,-1.53867007095566,1.06194605103688,-0.251353258945207,-0.584887272888971,-0.508780962673802,0.4000496532493,1.76765653969781,0.976333622684889,-1.12339349674835,-0.965747603711003,0.114401126572242,0.616129258436225,-0.10302360453304,0.549583610021015,-0.376859317051165
"Enhydra_lutris",7.12856044978377,14.9008672927707,3.30098601495298,-1.80725475124309,1.75064003153791,3.52291694153054,0.632038584921911,3.78744579460809,6.49551499396213,-0.316231184773881,0.0994491683924085,0.410312215495165,0.40115845678731,4.02216435014194,5.38626821076969,2.5240066012107,0.403183550344378,4.75099696371853,-2.16711846400802,-0.220277196156098,-1.11731333720382,-0.65729433910062,-0.411647993034018,0.537462850382449,0.357989822377464,-0.854154587687106,1.98839835557818,-1.03537406004666,-0.00296624290332792,-0.091324664073827,-0.347501699062557,0.714501800787177,-0.524010817852983,0.0898905835765668,0.53148703519755
"Galictis_cuja",-8.08636901483807,9.40214522638892,-1.12803332494356,-0.113347505073751,0.286770356376198,-2.91848210631984,-0.828861450209612,0.792652915592504,-0.0735163836369591,-1.19626054278661,0.653603195647775,-0.611304532052493,-0.0539843816117815,-1.21129248492481,-0.452527831598482,0.578188815226576,0.353830160571366,0.742223376396503,-0.296908977579974,0.325939788721723,-0.317660922085766,1.26621282600221,0.636797983275272,-0.681217883325815,-0.99257072497387,-0.728003626765744,-0.014207419930737,0.482208849575388,-0.622458824582818,-0.0410241147893274,-0.717250517513791,0.684457609097394,-0.0122782974884057,-0.28536113111106,0.0849495729676303
"Galictis_vittata",-5.38336246389122,9.26216877012725,-0.793353101652363,-0.590585494468471,-0.151291296206556,-3.57201396644855,-0.718958936887148,-0.0249241651260499,1.16495447651401,-1.29043723862575,-0.00540473493082973,-0.814162393586942,0.329647293923175,-0.306537125610665,0.236835075295711,1.17140243185335,0.523277112445049,0.919525986955443,-0.724130193388969,0.754341506048714,-0.290875698088195,0.375267842584086,0.499416668459178,-0.341926256738313,-0.635217406435909,-0.00155092525699796,0.0233852755669508,-0.290811416899431,-0.301381355575427,0.520071199169507,-0.16990719352035,0.359379896582354,-0.285859981812263,0.141805528515816,0.0945705709627264
"Gulo_gulo",0.224517702479456,4.77593499256736,-1.3766344180515,-4.03069369358888,-1.48804562292839,-4.720262420775,3.41811330307025,4.17490572375128,2.63980851432773,-0.674443151757943,1.68058509562739,-0.907879712783602,-0.852104800049507,2.24323610240603,-2.3572167715358,0.364182615533584,1.13988113855828,0.434884641353551,-3.0514687416137,0.456329710043258,-0.641752802041116,-3.11144679610693,0.142987859773906,-1.36281642730587,-0.136369475040953,-1.67746263413709,1.09229500256832,1.37164029106706,0.117010026308644,-0.524870911309507,-0.857122116666427,0.429401223737001,0.872324809933511,0.653067239090904,0.100213122624563
"Ictonyx_libyca",-13.5741777226392,6.71075426165602,-2.4608842335749,3.56815512989736,1.65542573410874,-0.124079339080141,-0.764107148550383,1.34986997989743,-0.925407938176956,-1.58456192716519,1.95708172346821,-1.04522599981689,0.0102116508767429,-0.567067611379069,-0.349672910033143,0.439069481144019,-0.262693333431409,0.165597558631144,0.041469183140721,0.573770566806547,-0.13353859363652,-0.626689378406864,-1.10331872446929,-0.138297950793978,-0.741116954988045,0.255794723881271,-0.16564586422094,0.186486385189867,-0.0306732438132443,-0.0972605432201024,-0.0973578738123544,0.250924683554155,0.0708898174368808,-0.172641519698325,0.21156783086359
"Ictonyx_striatus",-10.4270213341677,6.28624136649776,-1.44730810151782,1.23866621094704,1.25011369201868,-0.940595905052033,-0.171727316254867,1.74878737781247,-0.0209352106403843,-1.06539713556336,0.76650485498656,-0.992248069081092,0.170499894359425,-0.153940476685187,0.16282897623994,-0.233505054319289,-0.237639799445585,0.553640204633107,-0.377187333524139,0.235596690617233,0.139811879045821,-0.589316819048071,-0.107782364874272,-0.288473380740079,0.0515678590492072,0.285352826359039,0.486256454930733,-0.0629706513958679,0.350322345044635,0.690161692156811,-0.109131234993534,0.303696868159869,-0.297447755727907,0.026930667062708,0.0796959408853135
"Lontra_canadensis",-0.581801708643185,11.3533764781796,-1.97545359556299,-0.808791513727165,-2.77141794300945,-0.678643252184874,0.0768187272081975,1.95379853794755,3.36925449259654,-0.838378212022835,0.259880688566104,-1.24580991709309,0.716758790875169,1.85125498914648,1.12553696590497,0.814410937848034,-0.435328608813282,1.85920240923339,-1.49953529989516,2.38747498987196,0.794059821595789,1.20854967807357,1.13452832309581,0.00769261531660077,0.493728703951468,-1.44074896764214,-1.2400821722005,-0.464453481676882,-0.757309495457436,0.455038525907777,0.215686314304799,0.335944981256878,-0.236280386520695,0.306093457853906,0.317099528124442
"Lontra_longicaudis",-1.49897427858103,11.6315723100787,-0.761273036173267,-0.395373634000375,-2.95514956406492,-0.67555515342651,0.11429797646876,3.24043983999182,3.57346782011636,-0.238985003268954,-0.349502441301799,-1.29003699780155,0.719767580372153,1.94402473499821,1.09001122607759,1.06827176021504,-1.504830809233,1.89782448255173,-1.58750391877912,1.44029976241659,-0.0136664021435825,1.29829815748917,0.548469653817384,0.179080664774091,0.314604070540662,-1.12559796124256,-1.34686397428103,-0.22355993531032,-0.426054055511082,0.451451470600491,-0.330696626402488,0.259743923425452,-0.335378882824444,-0.399534317234646,-0.121059169078661
"Lutra_lutra",-2.37983953738614,8.17419243699825,-1.58018818165581,-0.485343305132741,-3.65530496132662,-1.44324759743383,-1.57644599435514,2.20990011634065,1.77604936129178,0.946309010659627,-0.180315008199476,-0.611197134293573,2.1077234351654,1.23367824648738,-0.143887810926584,-0.54306092277015,-2.39010541011512,2.30193496899176,0.644193484271164,1.23450674016505,0.307864887723664,0.478793442755861,1.12336516519051,1.11845813827346,0.476879741767084,0.116689666680468,-0.599696216944565,-0.508927829143534,-1.36553465598157,0.319332270159837,1.01787787889553,-0.581584849304567,-0.511980132262243,0.0250962912192202,-0.257911854580831
"Martes_americana",-9.37396737331365,4.46131093530109,-2.40899656066278,-0.0829561578151859,-1.14953050606266,-1.674848498856,0.732726496941546,0.441661068012805,0.117801051630353,-1.06541527980628,0.833321637018972,0.777879432765881,-0.328260041665875,-0.504721281954484,-1.04649836540302,0.493069918196249,0.217339620944269,1.56947078688965,-0.187676646848961,0.182827120993138,0.353404947093392,-0.521037988672707,-0.661083696889409,0.536105637323484,0.827471575317025,-0.512270589796513,-0.157191375404448,0.22174718103114,0.342846323894241,-0.430516708038807,0.168327615031103,0.0723974681783601,0.196712083527573,0.034571228261665,0.383475055122657
"Martes_flavigula",-5.47840104654559,5.94291560360521,-1.20036579736257,-2.21793132779394,-2.74544505921296,-2.51584926955338,-0.67415621721576,2.07624687500348,0.638302588423868,0.502088628771709,-0.0849961743734192,1.70285919736437,0.783840156903841,-0.644468943757926,-2.12528762219414,-1.174779679643,-1.31520508743043,1.37601954445484,0.375318567249044,-0.84037749921316,-0.159539975848727,0.625228953757558,-0.489636707667389,0.6752723995886,-0.0265074513748746,0.0636373233377001,0.191685768945079,-0.0164107951042973,-1.3136342697444,-1.10042702215729,0.0269810069492351,-0.0151092464000566,-0.840839504473001,-0.706579189628944,0.577576052028667
"Martes_foina",-8.64145724520261,4.565625148199,-2.23810083410589,-0.748012674791469,-0.92570458063753,-1.76999961058516,0.714396683270871,0.986398357543259,0.778652883306785,0.27607401050145,0.560220985247908,1.50995654872213,0.645381034659268,-0.534249679599209,-0.865045893932894,-0.346219445534955,-0.714214333954259,0.818210033275804,-0.087055517283213,-0.167738922515999,0.351541662339172,-0.595062208677573,-0.939675623275907,0.240057974654283,0.197965928632875,-0.914774532552014,-0.0906274983749425,-0.22883573834861,-0.0830766461244205,-0.0451790230423259,-0.0639909225791829,0.169602153575681,-0.0486288032427988,-0.326480441730421,0.278553346722542
"Martes_pennanti",-5.8913836714777,3.32949341750002,-2.6609202427571,-1.80110539609215,-2.89705401305107,-3.18789207643377,1.40420548110872,-1.12901321803079,0.865788228279634,-0.270211128240419,0.187512045826439,0.269228255220975,2.27489619868574,-0.831634411500014,-1.18371263727611,-0.322521010231701,0.92536071606257,1.1285767681271,-1.31907138773379,-0.948514074194343,1.04941718565727,-1.68052542489123,-1.48576087098995,-1.06807999090526,-0.724876144818581,0.105215647846111,0.559106202109857,-0.583001905447412,0.928698890470966,-0.274793508325401,-0.55167262407836,-0.129534530259081,-0.28096009214879,-0.285100465648731,0.722124115633304
"Martes_zibellina",-8.05689842398569,4.59738164580871,-2.35052533085123,-0.757011681759651,-1.62687215889133,-1.80740649990228,0.182464692703671,-0.0195947807353825,0.220717089882939,0.143325459360177,-0.0738724198396389,0.912936160136568,0.732195057152031,-1.33125052447813,-0.750792149805821,-1.06249449229145,-0.521371963383538,0.68424823723193,-0.457722738654742,-0.2619596615247,0.745684131098412,-1.05489009987117,-1.31069491951706,0.0575798092941288,0.437373287887443,-1.05669590054904,0.143414831257037,-0.454905429860209,0.153466492979305,0.147305550404766,0.49250418099314,0.134907459874667,-0.182196502668136,-0.268600000243647,0.674852394243373
"Melogale_moschata",-8.90770409920075,3.77242116683476,-2.55536335771284,1.61662973747785,0.666993281495041,-1.05282331306183,-1.06183262442785,2.54224172007352,1.22825504876661,-0.410646697192789,1.19180755601856,-0.559134808274492,1.41319087909118,1.37761295805063,0.327196259040737,0.950677799694239,-0.917678001092025,0.0191932740923382,0.217273450012009,-1.28781362366501,-0.288608646147217,-0.828481373252388,-0.389572370620465,0.472156719621585,0.217430448465338,0.385016999059613,0.248598906277431,0.997788662528503,0.00336042000047965,0.311248587667504,0.963837775505788,0.235651214163143,-0.467336523042604,0.0186278287999272,-0.129773948082102
"Melogale_personata",-9.03111126270806,4.68380407520003,-2.66086890461643,1.60060465402201,-0.299441695996029,-1.26563825503845,-0.310341665300412,1.64197895500337,0.35624683306595,0.0922258381310749,0.906134233794812,-0.404782540737206,0.73630231137651,0.572183981590749,0.000131147606471593,0.34191238517379,-0.868499892176008,1.08756099117271,-0.340204981378489,-0.367536549298492,-0.0577825506288482,-0.570291327363707,-0.344252376461182,0.129709541333013,-0.729852449361728,0.120060656612124,0.258738532209701,0.0217924536268683,-0.276963475435453,0.0856959734627869,0.198513504941101,0.333001369358779,-0.65351715651403,-0.0283406837466105,0.460452453683035
"Mustela_erminea",-14.2122724655253,7.24691129403446,-0.626756302356214,2.72858808420577,1.33255751097105,-1.46459850594952,-0.951462973868087,0.366200105194666,-2.03354222529017,-1.36522772410435,1.61443825632702,0.0237815735497385,-0.505779817913595,-1.17140301851483,-1.84480512294335,0.00557348281720164,-1.30053138714443,1.110501312836,1.26782855141014,-0.910305295765634,-0.68532135017015,0.535272602957559,-0.565372354914856,0.958949700808526,0.143947101944691,0.374250577894678,0.00261455412917065,-0.648231479374669,-0.232910484603534,-0.134434663720355,-0.246181995008515,0.317337093317926,0.0848672066709615,-0.0263553637884011,0.0352011894359288
"Mustela_frenata",-13.8839298135266,7.23631889247511,-1.11829593440722,2.55329109646692,1.07349327735074,-1.34893593144222,-0.589427587040903,0.136694629860333,-1.67503890623096,-1.87756673292225,1.62554045616546,-0.165376071965105,0.346720947104696,-0.796334481745207,-1.15145705164481,-0.231544954690425,-0.764343781003901,0.052137838855765,0.662316471002899,-0.603714580962116,-0.37937711203445,0.426104161965464,-0.894574294328583,0.00582144036072807,-0.41604906947159,0.0227902082416338,-0.0234598888857999,-0.398780015834456,0.158404939045918,0.0519103622956553,-0.35867700229235,0.450595773473282,0.574500693271794,0.553259043715017,-0.293190773540138
"Mustela_nigripes",-11.3290296840644,7.19983081809868,-0.530140085977866,0.949503207428433,1.36435808243061,-1.9738600373503,-0.600494277527519,-0.6833077919782,-1.00010921029645,-1.96070919663354,1.37394797214719,-0.467261001035539,0.962013072999131,-0.580895895141174,-0.171576360323179,-1.38056169243448,-0.30184289952889,0.260058646410861,0.112426841977656,-0.618702034837967,0.9503080904151,0.00986089503862653,-0.342428619869921,-0.186471217760741,-0.729625948762368,-0.328059231907868,-0.1990326776114,-0.562402265747932,0.789671960090242,-0.281584619667587,-0.700330069350645,-0.145395826564308,-0.156444558706994,0.379058733204468,-0.607116490141367
"Mustela_nivalis",-15.7947133796958,7.23172915850757,-0.738334050956219,3.08379413071433,1.7361385860512,-1.46726341079466,-0.60336111728193,0.299189859980567,-2.33819468268818,-1.40410844349981,2.14176822419014,0.189135118364773,-0.085892335298469,-1.07051413835287,-1.91753799091674,0.117773990604944,-1.44079499285418,0.332652846032866,1.6546154566729,-1.08413993829118,-0.486993402124362,0.433385378744417,-0.831534889183125,0.747655757558989,-0.0456874868645185,0.151866439177107,0.06344716659532,-0.458183239639547,-0.43420396423904,0.216617175137839,-0.506353342240286,0.455118895777247,0.218749651202528,0.0659768817438061,0.108256803379918
"Mustela_putorius",-11.6674115727282,7.91940757888483,-1.0237638493632,1.20900306551986,1.21798071592996,-2.50178329728843,-1.02271030179936,-0.556173146903701,-0.893359215820446,-2.16516084254676,1.26245505565301,-0.301761082633196,0.289630852554597,-0.0968578214844575,0.0668442201048932,-0.718019687666193,-0.72748614072219,0.444874488813047,0.310628057232506,-0.405806259199355,0.393233185293328,-0.240993544157353,-0.190072966243381,-0.182098532612635,-0.0406494512426343,-0.322199715830358,-0.0379964605785894,-0.247120914329376,-0.32746398392436,-0.0841790745249645,-0.456705003334088,0.0152991436177849,-0.340261348614828,-0.455821680830074,-0.549208522039109
"Mustela_sibirica",-11.5832232912952,7.93372840747146,-0.816246173033517,1.12931546001209,0.586902166135939,-2.00695572354634,-1.18569609079981,-0.0577832988145925,-1.17042334098635,-1.537260332273,0.915016225685455,-0.0626743995308175,-0.0154799461959692,-0.989762252131541,-1.18238973928528,-0.282535057579556,-0.737035433383315,0.669086990570376,0.209769818239294,-0.725208420812473,-0.481586895882379,0.300205342040593,-0.443672543425421,0.61141967604575,-0.0121283879176064,0.363894775011033,0.00872782949131684,-0.515236835805946,-0.371033433136207,0.307502028853372,0.0671553870089205,-0.0778353589530765,-0.00747983354450144,-0.15601711658588,0.150482453466351
"Mustela_vison",-11.2752392269586,6.90105231671536,-1.03705322556462,1.84766125844584,-0.0176351331546478,-1.60917441269824,-0.479074777238599,0.699633460498653,-1.49589162032533,-2.27988504905007,1.26476077863713,-0.507983916724993,0.887788890011109,-0.396784537275577,-1.19265877307194,-0.67073989151255,-0.320839968343137,0.81178441821467,0.738726160336697,-0.782495258137112,0.139710842687227,0.465178453777719,-0.405303434049439,-0.299964696103804,-0.54439557822572,-0.137558053555718,0.059689191900344,-1.06308883502548,0.356388276211162,-0.1122411882797,-0.44526818453182,-0.123231777952884,0.591198875557714,1.03173673331648,-0.576150051772666
"Poecilogale_albinucha",-12.1282638972312,8.97505229223593,-0.963445780667689,2.07798307880189,1.80493347902103,-2.48509661118504,-0.88276402019513,0.103004379424624,-0.8194547658236,-2.47748935557293,1.56930184177762,-0.913708539770143,0.407824921667785,-0.869301619031187,-1.25768626329993,0.481811323237285,-0.470462014014596,0.422381943498782,0.406253041684144,-0.666396070957328,-0.139078947541074,0.469839219943238,-0.465588320688702,0.267559524811018,-0.821087021809429,-0.18570212234013,-0.10066465590616,0.607083495737403,-0.442662661284781,0.131600213358368,-0.102904956573965,0.231911011514526,0.204084373171834,-0.244104932524372,0.175693734481152
"Pteronura_brasiliensis",4.59362019659506,9.35954668427844,2.71135316315879,-8.88119168712804,-7.77150457108262,-0.793672302954952,2.86233733072441,0.25970190374963,8.54689913412161,3.62681898394646,-0.634838418818626,2.84293043618683,3.88134705874584,-1.85166171161649,0.43812494289089,-5.70602090170581,-4.15612294992737,1.12888742850866,0.824222130599719,1.11363241749434,0.816760924115716,1.60979504817996,2.29740509748305,1.85929745987888,-2.78621236431321,2.10447244136535,-1.11908170871071,0.0141130570314044,0.703382732587955,-1.09550624579232,0.079111430278604,-1.01588450098803,0.455130192716057,-0.309960245648292,-0.64809831448768
"Taxidea_taxus",-1.74436573319128,3.40869734306053,-1.12403929138755,0.591160420386393,-1.35633122070021,-4.30058263105169,2.20983464291681,1.67900655959359,2.83415194759573,1.85657477996641,0.509118593501697,-0.816921181000829,2.44188272659503,-1.92001092732932,-1.58755793608744,-2.07797457226384,-0.424454783292379,-0.951344329233464,-0.155455943364861,0.0465258308825874,1.10595180165882,1.44196179256479,0.64433710778332,-2.44190785294107,-1.13668456684239,-0.166117392081602,-0.943758723405843,0.397403497191865,1.0138876030161,-0.493272705845916,-2.00761273469453,-0.40161933767299,0.751338685551329,0.667611794483898,-0.645721958590691
"Odobenus_rosmarus",45.7958441827778,18.8563602391626,-12.8173395241907,6.14459928637954,31.5217306558331,-3.74113286653925,-1.36599538488541,1.54107312043212,3.95307748009458,1.11720636738393,-4.1713886023534,1.16567921797335,-3.81945778325584,0.596733583270483,-1.84501548728463,-2.51512464067594,-2.84144006905537,-0.891191754485976,-0.0352333222642756,-0.434890939450728,0.619557974375319,0.202158085303081,-0.206379040788326,-0.0600348515724296,0.381249915466976,-0.365071068252823,0.398705876852231,-0.152533935737391,-0.0259768863883489,-0.00261373978536295,-0.416528072188244,-0.319479090795594,-0.0277710480122728,-0.307113899069487,0.272878367252795
"Arctocephalus_australis",17.0635166667662,10.9843721803263,-10.0064601066221,-8.6720347480565,-1.14827144080838,9.73314389235352,-3.46410838229194,1.98501231088672,-1.19904361932628,-1.39289181056099,-1.96844785159979,-0.81956790346534,0.91102493101663,0.480517191472159,0.86976352663926,0.745873047230736,0.017255979751254,0.733710954812119,2.26711340523841,0.59369305661038,0.629318515670961,-2.84316673869233,-0.265838681589288,2.22901487374167,0.228012008878643,-0.765569358173319,-0.357621631321376,0.760688274091892,-0.798581766585,-0.0345952562135151,-0.618567102001951,0.00209907510445895,0.684432945884923,0.70444800221456,-0.44833266662082
"Arctocephalus_gazella",19.4814002267891,14.3477190144266,-13.1000306069921,-13.3632907879452,-0.992542747555687,11.7623946552397,-0.513674171710687,0.532888364290106,0.18085854256351,-0.0864570023734424,0.185627642055578,-2.94315706834543,-0.882859084785117,1.05854246096496,2.71568529818273,-0.498234502274014,1.32087747806384,2.54801760420161,2.73592638984523,0.761414275079569,-2.73022041718249,1.96282966958902,1.49011768179666,-1.85820539606332,-1.29007283090384,-0.933245760866801,-0.986383183089996,0.0749844747969073,0.6189203242103,-0.779113273743218,2.3481191982771,1.19844796128666,0.587223432731436,0.373788555908669,0.529026530299897
"Callorhinus_ursinus",16.8135081452589,13.9936675711891,-5.30719064728339,-10.3762707203806,-3.68207379732321,12.5283096045479,-7.43104984019429,0.216648775872097,-1.33209753159656,2.47725797394551,-3.72989362804659,0.534338466245517,3.73730314596241,1.36974098509662,-0.760737654301594,-0.438001042430094,1.09475429686174,1.83040050834581,4.24786847422619,-0.629227596212009,1.92901592117112,-0.25148870690647,0.485601871248682,-1.50803115787898,-0.425022898809515,0.0886951992586535,1.42971159824001,-0.33126636924203,-0.447020327826857,1.24048124908407,-0.077518358523385,0.260670077356584,0.227310085128623,-0.137942910450703,-0.80880519747782
"Eumetopias_jubatus",27.6137202562289,9.68780975431046,-18.9370444853284,-20.371726692404,-8.14165613437781,9.43299930525306,0.289556677103167,-1.47717645247066,-3.34109130575292,-3.70522648078296,4.76075272646115,5.07299063454393,-0.007576009827861,-2.40183749079859,0.994720281131537,-2.93951828336379,-1.18748084348026,-1.17649490183912,-2.89132576000999,-0.306889119343949,-2.9116078942486,-0.827799586232184,-1.7086702621388,-1.12181503168916,-0.47260987368522,-0.719591019057312,0.0919506268994837,0.110421564298205,0.21484369654574,0.351619653932926,-0.76325888161773,-1.13915002040211,-0.216503395610697,-0.496513549863583,0.112490801459126
"Otaria_byronia",24.1102466705922,12.8251099003298,-15.5923224253853,-20.962277426962,8.77594308612958,0.394749555282725,11.6837889208998,-8.65495399066297,1.27654571002065,-1.64503271074853,6.50313781477558,-5.84891837049028,3.1552409395065,-6.69032068142515,-2.81971845469195,6.0710035152717,0.655078038318221,-1.24059240795988,-1.27587485187348,0.0828797803506718,3.97344411443295,1.2491612293216,0.965283917175436,0.20798661375917,0.164377162172149,1.2147933867099,-0.112329407867339,-0.554692637501267,-0.414998334144557,-0.258879179608714,1.19310503377669,0.266923316067892,-0.462931307809327,0.11427713704324,0.0526797772912588
"Zalophus_californianus",22.5863157199717,8.68378926995069,-10.0308185350073,-9.97732061463312,-5.45454270429215,7.88619681732659,-6.53336996485023,-0.790655444261267,-0.847052583319063,0.572123189949293,-3.37987118228176,-2.86411363159982,2.51291286654443,4.06690657022067,-1.59701540191592,3.10747790655406,-2.25025938717699,-2.95221950370087,-1.969726140279,0.38053308434079,-2.06883328236339,-0.866532736437022,-0.674016550576027,1.20199522561386,3.67160925427894,1.56837307071677,-1.28004603904799,-0.555054310981662,1.24827364385837,-0.69940480710439,-1.06018194600154,0.136554872467645,0.184021940946547,0.39336012157765,0.0889563164127067
"Cystophora_cristata",21.2590846741675,18.0406481604996,5.80205657675787,12.5169383926354,-0.727715334338695,-0.679947983721009,7.21516391618542,-2.43027767584687,3.97625247433497,-3.54817459887028,6.32018915862568,0.5380509139703,0.156112935513055,-1.58390359689918,9.76450765533068,-4.11123946584529,0.0471484848482021,-0.675338907936415,3.55188799035922,-0.146076372478684,2.41081145016313,-1.59507910472244,0.408705276829203,-0.479678687576796,1.48667274526462,1.37934666216365,0.641103754373535,0.258515473802448,0.562006260453357,0.219193167798155,-0.853980088045299,1.34547887583754,-0.0288560212204674,-0.161473744447472,0.0349175640135293
"Erignathus_barbatus",23.9647744231105,13.3651843576855,0.909752891877962,12.2677710961799,3.60025123429986,-5.90199319241849,-1.0283756239478,2.10099811463232,-3.59169041319201,-5.64507347212412,-2.29569936061915,9.13806095058687,2.26709999771961,-0.420782801659694,-0.690564033069649,2.94119413650197,2.74626216680162,2.04628835980404,-2.48925350407967,-0.638919544735821,-0.572467377006786,-3.51964452038175,2.76528611132069,1.82823367815948,-2.61807080603629,1.12831163392091,-1.28503293131957,-0.869590755590324,-0.112968598648223,0.295201433097871,0.708535453206481,0.234193088673635,0.373311712066928,-0.234558679005618,-0.919075089834974
"Leptonychotes_weddellii",24.3392744702579,15.5072072290991,10.8263931982197,14.4519778336107,-14.8666693583325,8.01026758756373,-2.02480927063608,-0.915972885367278,12.6078603129965,-5.09132976942092,0.973300074132591,-6.18019877041637,-7.24572696365945,-1.15752199339526,-4.70814552320178,-0.692684090036951,1.44721790256749,-1.36258613311745,-0.499211086946261,-1.16210478450481,-0.47343638075118,-0.282487367005532,-1.1030624414601,0.209282900892871,-0.507472657958496,0.614467083710172,-0.69163766248281,-0.23203050095024,-0.248832837231592,0.577917927680035,0.54666325519797,-0.295302175941316,-0.0725948838578008,-0.137406473591147,-0.262041027115956
"Lobodon_carcinophaga",27.8331884555099,10.7367163901415,2.90604072850343,17.0517193851272,-8.97358779028526,1.64900094834609,5.7440006589713,-6.20003726243031,-5.24551471098439,3.54940403546881,-2.80531373679127,4.0736851221156,-5.56747019139586,-3.03545309612485,2.06650532398566,7.56729569224141,-4.73655001933071,2.07225685729217,1.84105041242647,1.29643529482169,-0.311483364199285,-0.785888325019597,-0.504337143679686,-2.14919896062899,0.131192349517646,0.437969344222751,-0.0673178328546255,0.336030797682822,-1.44460555056052,-1.53627390991649,-0.282486434999258,-0.613468936455403,0.643050408958709,0.547448830508496,-0.217134400757399
"Mirounga_leonina",41.1726104245567,27.5301288812601,10.4309982069761,15.8674313164005,-0.92955408655086,6.27013557548796,12.2143126755237,-5.1776065643771,-11.6757154344032,11.7507577123556,8.17672548786694,-3.41511628022016,-0.531937351327473,7.25152288710701,-3.26879717868274,-3.94196135783999,4.128334542041,1.94180784108351,-2.22807127714464,-0.372804764531121,-0.911471652839617,1.44105809526603,-0.489101656574483,1.57650341889169,-0.899117451965481,0.0327826104603348,0.0473055754705206,-0.25355534848293,0.326379376303305,0.921566899455186,-0.110729556029182,-0.0895119947392224,-0.111574482615514,0.156758904331839,-0.0508367211926277
"Neomonachus_tropicalis",21.3765014968889,9.44431391580463,6.14841968054211,11.3151483679383,-17.1634427038733,-3.39077007563389,-2.70037552012821,0.055210242469468,1.1589306238121,0.864116771941327,1.43533156167497,3.72572335095556,4.65415996956031,-0.117076915618491,-4.77986639316387,-0.571813011169254,-5.28917277999428,-3.26992817847893,-1.63472505047477,2.98333516760625,1.12682597979877,0.256490600732712,2.00463508582364,-0.153994149150272,1.02986610273379,-0.363905403355624,2.64783826734965,0.321903813119902,0.535792667970064,0.0706032330199242,0.171049331413881,0.822296118763075,0.886071712745318,-0.70419252358058,0.913505033468477
"Pagophilus_groenlandicus",17.2935102624049,13.5910143226218,2.28063891780881,10.917251553826,-2.73324614040948,-5.38317029336734,-0.529121917910305,-1.84543862753926,-1.98844212464342,-1.3405643702248,-5.85486409780185,-0.207438270295946,4.93779341428607,-2.0937372312082,2.22927912181536,-0.299965103789671,1.32980968377548,-1.91628948616786,-2.28094732436335,-1.02771788246966,0.160252415905429,1.92038147807806,-1.44210502434026,-0.479954972034235,-0.632598676455025,-1.9898542129787,-0.0916927054251651,1.23725435035921,-0.207127733154935,0.963861228320519,0.811937876205362,0.945861008161722,-0.524606651770342,0.417779173066131,-0.401775111125924
"Pusa_hispida",14.0249618686076,12.8554468896196,0.924664818326015,10.413195006195,-2.0349346616954,0.811961462210002,-4.83978265036632,0.353191833247588,-1.29580915701683,-2.06919260305427,-4.45112035416084,0.26862828733753,4.77106079050792,-2.11692108626298,0.491255109295144,1.34571852631664,1.85425687853472,-1.42737728552985,0.50126008386515,-0.626106925525757,-0.818766624096796,1.01529629540919,-1.19313638058093,0.337202960407244,-0.960070971576306,0.451317684642224,-1.52679584700665,-0.350780438277422,1.40134032224073,0.201236567671747,-0.834373635263729,0.143464313874395,-0.412878353261811,-0.191804060925774,0.305751530121559
"Phoca_vitulina",16.6940853307391,11.4468420823664,3.99309261444256,9.74374339667682,-1.67535197938205,-2.28376609793102,-4.35216651961266,1.5821657002321,-3.52493342615963,-4.93255373549872,0.211472401393537,0.151285877613598,3.73702100934757,-1.34262191135071,0.222103268352825,-1.39170382124551,4.41691342415801,-0.821473253285294,2.33994282826655,1.37335047857439,-0.0721331806122987,1.74606685827941,1.04248421949766,0.896124881675498,2.89281993552352,-1.16240904974647,0.554299682679487,0.602758723633733,0.147387033497486,-1.77629312766852,0.125593692858184,-1.52825501301089,-0.475460929396673,0.497148747859159,0.565391390805948
"Bassaricyon_alleni",-8.86207788918882,3.33904582794774,0.130105250991279,-1.29629439961034,-0.623092618036072,-3.1786333150297,2.12705117435225,-1.23426659477542,1.31247707057005,2.18329066912415,-0.146433108761737,1.29405425201276,1.2236268472607,-0.884211844078231,0.325833197235526,-0.482542227200536,0.375246089461235,-0.893066775484,0.635754301957129,-0.115898805082121,-0.2722493098408,0.0817181610100408,-1.85399538553725,-0.357781463335194,0.306486356921048,0.246500209173148,0.279639998020044,-0.0388538675265663,-0.702652223729729,0.0966904469320931,-0.452504207424076,-0.0417296073374418,-0.47141061566732,0.47527101125601,0.0709636855530097
"Bassaricyon_medius",-9.00212907911988,3.15898195568313,-0.616104576759111,-1.391302434427,-0.801694149325402,-2.66371356523553,2.16703740359985,-1.26579507915065,1.41913034631026,2.30158470960773,-0.274998275335801,1.5067050232211,1.27472775988924,-0.807122824762184,0.428142243682811,-0.45597317173782,0.306380323778935,-1.37702610533003,1.01606407353487,-0.161097395706096,-0.0567963828682128,-0.0537290700598096,-2.04688496443897,-0.346932281376376,0.40700606803581,0.0343670666872349,0.827311420196156,0.0737524224188424,-0.552618338139147,0.563465755790524,-0.44861961284501,0.297964864155517,-0.169101000826616,-0.31549835932241,0.0349567238450977
"Bassariscus_astutus",-9.07344936311244,2.53187644526928,-1.91596216154076,0.81327801161094,-1.81126437562792,0.60054341053941,0.320326672103583,0.0386801299443649,0.155703250859778,2.20657267116282,0.349235798122611,0.642411441363991,0.734137361657743,-0.240723363438266,0.576744848727649,-0.180106122221619,-0.47866417991105,-0.600163419926721,0.137097875195465,0.406315519799428,1.26922664093523,-0.550862233343378,-0.856103072005294,-0.402082414262,0.360384633632801,-0.528533181412333,0.213287521261619,-0.484963750286665,0.483667846963169,-0.46589105573768,0.0894852505279845,-0.00722372363676138,-0.279060024796201,-0.164840750368408,0.0887175757313603
"Bassariscus_sumichrasti",-8.42103336023877,2.03255710382286,-1.8696715728132,-0.0488344024439824,-1.94217716351785,0.367489168979466,-0.0897821694224542,0.369074936745568,-0.016587377011523,2.60459439292313,0.0359058066570959,1.4578507714581,0.417928206275426,1.3505568903706,0.465937088508547,0.00135886768888125,-0.448339691783333,-1.27877121406606,0.336371026134962,0.0794341501360505,1.36740805349124,-5.20152633800564e-05,-1.32261146957763,-1.03114670710488,0.464772320433794,-0.447520434043922,0.152965986038519,-0.464110000696253,-0.136120210249003,-0.430539760261976,-0.27398205218817,0.134534965281775,-0.370288999994887,-0.464345709656433,-0.237242680322114
"Nasua_narica",-3.59186004405368,-3.57470776786773,-4.10250189800128,0.978676724840233,1.61450245363832,-6.81363728310934,4.01147242983936,-4.82185078176752,3.21103706254197,2.08684898337311,-2.16561976496528,-0.11990143478752,3.49458707276683,0.647814816873131,0.0386976291142432,1.40737673106811,1.59541193043498,-0.448132451149236,0.9290487156466,-1.34866189408564,-1.66934989048561,-0.0228000306617968,-0.786865532006603,-1.13885882257035,0.503474889548838,0.0298835906562607,-0.0486967210377219,-0.926579710729934,-0.228063543674594,0.378117555122162,0.994815903575036,-0.266638251699822,1.13492931505725,-0.506950644872945,0.262233595513724
"Nasua_nasua",-5.13816661970806,-4.41782014956909,-3.76872654608117,1.82292105249152,1.74842007014069,-5.16855411620234,5.09228896078538,-3.46913875721273,2.70830190181172,0.986966998177755,-2.50592511986889,0.120351453468416,3.02064262577928,1.79950248867805,-0.205582936108127,-0.102848981018137,0.75601429365679,0.40917964584729,-0.256489710292672,-2.16246773121972,-1.32875673539386,-0.607874032024183,-0.0333377387174259,-0.651818504428368,0.677718503239318,0.178016601317606,-0.0305275836974294,0.340293269660402,-0.159116178037434,0.480316942586057,0.700465763062349,-0.745821473964078,0.58915786241452,-0.666804259092255,-0.397998766922919
"Potos_flavus",-7.15942980148452,4.5801597187432,0.28186393538224,-2.47976034809409,0.352922906324806,-1.38061717431152,-1.17046092522248,1.75638452932272,-0.275316460363751,3.11458556170196,0.488828969891844,0.203984212043067,0.600636142321398,1.29930284479588,-0.83328006725749,0.824927801598591,-0.618121668711199,-1.40651962558145,0.775392162672548,-0.16754920995849,0.894054367619341,0.600843915898705,-0.0964574322698106,-1.0105880156392,1.47143520092537,1.86706546309864,-0.985274859687742,0.176782912573831,0.310279885988533,0.468580421401266,-0.408007663840097,1.22646319528519,0.446133543399334,0.576406866460978,0.608726071052407
"Procyon_cancrivorus",-1.18398287046158,1.0868120330379,-1.2698891396932,-2.16106575262838,-1.35742548636748,-3.16034186442971,2.90546691872919,0.0579161910892492,3.84177488824737,6.34303923809126,0.150929304099151,1.46662756365102,0.714880132576931,-0.0739703904533183,1.08023570771416,-0.823517354751063,1.07050186531331,-1.174590594568,-0.916739306315848,1.68104914220628,-0.857924819808183,-2.41729879789216,-1.15354943656379,0.853639776150256,0.582218870227967,0.0163784291512659,-0.274774461390315,1.59890256584576,-0.896044541554576,-0.59314251149436,0.434543329414914,-0.697926039342938,-0.43705489354217,0.0218180341598111,-1.00692164500061
"Procyon_lotor",-2.98544339047836,1.08860119421783,-0.470611721833783,-1.79984201744189,0.905987890040167,-6.51856183566706,3.41937922036894,-3.71106030663002,5.3204494929248,4.85471233141312,-0.425908288178365,0.95242721181929,2.75160692108784,-0.112790455364072,0.772513478883659,0.21878275567744,2.36748124083912,-1.88281123614503,-0.711620641287179,0.90441385246097,-0.88279698463296,-1.11529405943073,-0.754044248744794,0.488276689882497,0.247244481392552,-0.380954791807394,-0.964244886001519,-0.29825411335244,0.165090809270473,-0.975777631485157,0.301501026579515,-0.0856416945606638,0.239291038201586,0.609039709886919,-0.107543326625815
"Tremarctos_ornatus",11.5704375429631,-3.60678693468396,-0.0856285517589234,-9.7838912846485,-1.96861566696839,-1.50827499779815,0.510852572493603,7.52402930437511,-0.828095848099066,1.4546101096651,1.49986196952266,6.11209925826867,-4.73271401779689,0.65608229057277,-0.838287149878205,-2.92866722911107,4.2389739781507,-3.26403576625843,2.23743031813207,0.363809112694417,1.6460053548142,0.500082283741491,0.776866224135121,-0.414152210989203,-0.469198717662769,0.124970992227522,0.845210851625905,2.11724367897037,-1.52622566050774,-2.05915553308663,0.493302488162391,0.4688009160334,-0.373133680160794,-0.461227478644737,-0.783576782578874
"Ursus_americanus",17.4009025789519,-8.11709729754944,-3.85625615988587,-1.50809104522546,-3.2477665324818,-10.9426725589994,-3.07726782621217,3.15900253579088,-2.08001294204245,3.92569989624919,1.96668498795794,3.08924840416228,-2.05969209366659,-2.81100250828625,-1.87472301640402,0.313471718324721,-0.480790794933163,3.10830760731385,0.993583412513595,-0.383797448373036,-1.52595892930526,0.590436557342149,-0.566954975241079,-0.561174625055893,1.69480195369871,0.629031162653714,-0.292527770213106,0.587757249438042,1.15644234413388,0.734988404609711,0.899632876112167,0.133060513083142,-0.275302887781565,-0.433083339225833,-0.0446918465485082
"Ursus_arctos",23.018127546092,-14.5356833736544,-6.72582118132094,-1.50333530404871,-5.49333872819034,-13.1924582951485,-0.829365220113695,6.03915240442605,0.691284613463502,-1.38023570954021,1.38171245503419,1.32598173926364,-0.924031515283691,2.09591848229796,-0.943273837853651,0.352680472778341,1.40199548693867,0.287341484720359,1.82081855370278,1.92550911052361,0.400174909243695,-0.293289952139744,-0.349330640465137,-1.3455252754818,0.341522067380123,1.54716256243478,-0.690486798481345,-0.389724685713103,-0.0668956223463483,1.67609101897245,0.296527062928103,-0.722555487060581,-0.439782962046075,0.269334354222285,0.322597247150293
"Ursus_maritimus",25.3220966569974,-12.3343167064257,-2.61854724219564,-5.08146741292887,-6.76141480038508,-15.7829231944496,-5.91583416321265,-0.0852507736722892,-3.66427111023505,1.61007554910091,0.308241192796994,-7.62090418395003,-0.48716958089784,0.153137399728694,2.80657066722981,-1.25197281750032,-2.14674174910554,-0.612596215514401,-0.735364362905665,-2.37796703978712,0.68912394754,-0.778494439534373,0.845561685612944,0.900295554344148,-0.834521312941217,-0.792461412974337,0.255662030069829,-0.753714081314138,-0.935380654484172,-0.568928584371766,-0.182863335846965,0.103590376810718,0.447043397418552,0.062742004688808,-0.225663021129578
"Ursus_thibetanus",15.2837713490867,-3.12317807557452,-4.14003785468761,-6.97081062669137,-4.23446061398776,-7.06268917186224,0.251651332231462,3.62831020656188,-2.82918789843029,1.35644378078515,-1.03065937184281,-2.77711070673192,-3.77076900766043,-0.773285238810927,0.344207976630684,3.09839375152295,5.08409045575971,-0.53809737977239,2.71484947959558,0.942970395824623,1.06086618464363,-0.520716362990751,-1.1218841302559,0.0709339074736817,-1.51850165775656,-0.216841694767814,0.0193176908227072,-0.0686065687077115,1.69260468000619,-0.431235756001119,-0.383422625200459,-0.106683673764575,-0.894717385264739,-1.14002371455561,0.378327770428528
"Acinonyx_jubatus",4.05212016331503,-4.39804273802262,14.9064723142064,-4.7467934772475,4.63006647525653,1.58055916333364,-3.99979687360079,-0.636514619642718,-0.469714516357766,-0.827654591063016,4.74101723893495,3.26874974429492,1.64534828268199,-0.901858334395918,-0.852459215413752,0.654006050720804,1.36275169648781,-0.481727261353616,-0.695758314927778,-3.0925948262466,-1.11219479968486,-2.3978571895104,3.61800187487301,-0.315192343680193,0.117128222437003,1.21438249839705,0.961037982524933,-0.473293915523715,0.347367436579604,-0.329229972745655,-0.210295566031408,0.193138208967679,-0.200006956732871,0.215053674269493,0.461994065708296
"Arctictis_binturong",-3.23726353064105,1.48514182025226,0.215430917064186,-5.74674413293452,-2.11156269119178,-2.983409247416,3.36855142311621,-6.81659976540068,3.7066015752405,-2.69389874278735,-2.26271456457774,-0.660234542053738,-0.890383195133518,3.58555861606739,-0.87338260730841,1.6872163995637,-0.630267796247501,-1.05247787418232,3.9555732486876,-1.11736876170657,-0.962790088595455,-1.41581455521806,0.358719968975163,0.961897350402133,-0.297983938946434,0.312374734072384,0.64340776033672,0.222258553121759,0.990152323890357,0.209578032293226,-0.1073008803046,-0.445614376600281,-0.898482703122385,0.87149809000702,-0.534054346000901
"Arctogalidia_stigmatica",-7.3448707403475,0.268241864982292,-0.973518438819742,-3.15712486602694,-3.13196860927197,-0.569742147867087,3.99958746180522,-6.0095752056639,1.64405190085097,-1.51916262200522,-1.67459986085823,1.99350079867347,1.12919258420678,2.43569521519286,-0.140851574316428,0.76473716158993,0.735047749222353,-1.26583670172519,1.11808100075937,-0.264240495895231,0.836807260412389,-0.804018626038833,-0.72031550970426,-0.148425936991953,-1.39794146224897,-0.656793119694182,-0.0966346100326479,0.132555789008545,0.0507953939907602,0.490172828374711,-0.523815808277029,-0.320215523839714,-0.232226692523155,-0.536048408696571,-0.0721261719489078
"Atilax_paludinosus",-6.43788494920235,2.34091571294114,-0.054136834192049,-5.42264477271806,-0.165129202928268,-3.91036393308578,3.41513477402677,-2.97507527951016,1.42376742924249,-0.695079504667426,-0.582501326959023,0.00106591765195672,-1.80146928925046,-0.239031281994007,0.461897829277667,-0.658729153789843,0.923576118520052,0.448855119624888,0.671704791430765,-0.115749296804433,-0.945327017510539,1.04568255620974,1.73460868489966,0.373519132665025,0.539959515917394,0.148537632001036,0.2596656933716,0.521128080394172,0.940598455636155,-0.0199353315417075,0.101948671019764,-0.396385039251705,0.511900049850365,0.276048210209085,0.634160005819456
"Caracal_caracal",-1.89048173240905,-1.08531651282276,9.1222893740516,-3.19500455510642,1.65136737418159,1.47227282465776,-2.54331816629653,-0.764858688848044,0.629569009290991,2.07048612647789,0.830146087471631,1.27033953556877,0.0777569106957842,-1.17642239097102,0.0753728298024021,0.408709177271385,0.0815109305428735,-1.18821737006539,-1.53884543006544,-0.387631252825558,-0.249785149933128,0.739426770612964,-0.223150605041665,0.479973036834895,-0.475082851086512,0.435439741011803,-0.100201842634016,0.211385358492099,0.110030469754792,0.191912960668993,-0.514888056283617,-0.330258340532246,-0.177763733632691,-0.463365299724427,-0.359263392176187
"Catopuma_temminckii",-0.149077329719921,0.374195575368023,9.105616231623,-3.82894839689243,1.29957090858725,1.70007355732607,-2.47270478704966,0.0170781955082493,-0.273010435194571,2.19510166042703,-1.36712884712291,0.876638858403309,-0.545962338508208,-0.257650971380207,0.116125543134924,0.451742526267519,-1.0046838678577,-1.01183542376164,-1.43841963067054,-0.0707371556354874,0.765657420071366,0.464863149443357,-0.397773636644531,0.0333735681284019,0.261378747215929,0.0697391644881385,0.600554471075899,-0.10296460609932,-0.0371667102296022,0.128953621253748,1.00585739288059,-0.505392594192968,-0.608676745863257,0.572748276027835,-0.247178106525209
"Civettictis_civetta",-3.32235987083507,-4.86015433661346,-5.04534631524541,-4.66716976363862,-1.54504909085616,-1.59352616615058,1.18627376649326,-2.53017584367669,-1.38414620951333,-3.52870662746899,-3.03354352288917,2.65532869934822,-3.70653508367675,1.15564599085878,0.85898192223867,-2.24735852822665,2.02994010653171,-1.11087618106155,-3.43186450866994,0.855949213744341,1.29471924758945,1.34731298922206,-0.0610867660197151,-0.0171532245425215,-0.544346317680811,0.261212555314974,-0.359604598695421,-0.492706851228393,-0.0171672618555653,-0.289148904361415,-0.278347209012536,0.261199491579281,0.445693943693488,0.453575647247718,0.405892124192313
"Crocuta_crocuta",16.5070852760588,-13.8177312753067,14.5925124832338,-4.98309362805417,-0.255938883593708,4.78802565139081,12.6264099754541,8.19542312200518,-1.68661145968333,-2.00660461586202,-3.61491981734037,-1.72456497697422,2.12185719691284,0.226968901113598,-0.249734769897655,-0.866736200792345,-0.187052291196559,-1.13787871791347,0.351618913138429,-2.9166222487431,-2.19594059308321,0.34692271567313,0.59677850956422,-0.808903871364861,-0.270450653863022,1.17605217687388,-0.257127039643444,-0.793579706745029,-1.30461631259083,-0.893023315762068,-0.330874608035745,0.507559799234727,0.147377676292235,-0.400520765756905,0.267042007164388
"Crossarchus_obscurus",-10.7357238433878,3.99138788386151,-1.74763647001213,0.628862862453134,1.39193337482351,-3.01296123697116,1.77132724121439,-1.47340687498487,-0.798900867644391,-0.928705186460509,-0.0469020717586016,-1.97854107050671,0.399102759286299,0.973337019416985,0.896542105226822,0.670416697938406,-0.367685604585128,-0.892541953887862,0.216488717318096,-0.169634832333863,-1.29486726364376,-0.276491064546373,0.885429669818013,0.428385704852506,0.0200352795336329,-0.411679798438489,0.43447015070002,1.07102119763307,0.675333367781923,0.176851170451406,-0.0800974137615287,-0.45769767129516,-0.089356989158224,0.376329329573295,0.0285832669987827
"Crossarchus_platycephalus",-10.4195360528261,3.95479190694209,-1.62689370131395,0.200480454726211,1.14249203265982,-2.80880483659865,1.76869900661682,-1.59622443945172,-0.425958670938823,-0.758773672787541,-0.0972752299401685,-1.36320132595604,0.0403803808914068,1.11220763121689,0.787152574968009,0.463394797335828,-0.60657055308449,-0.605951505960755,0.923610458670499,0.0834684841856219,-1.1324454971632,0.26782599632854,1.21559346580783,0.390176293260856,-0.3454197835946,-0.2448792087134,0.564999423758018,1.02374216720088,0.306658273072629,0.400566464763485,0.191183577806632,-0.457726988363698,-0.424948699393009,0.766653537734389,0.0488342985909322
"Cryptoprocta_ferox",-4.05508056980691,-0.205999801541862,2.29953239795944,-3.44979838493362,-3.48208983789572,0.784338841341375,2.24022044460054,-2.21037359648798,0.221176336356339,-1.67757948192733,-0.57631347634918,1.88685096546799,-2.42044176361804,1.36751162343662,1.35058175427337,-1.39202007786085,0.0252453428975566,0.57169371886352,1.36852924185344,-0.618326527757229,0.312744081524847,0.635259259281639,1.05781842138509,0.0301121535598255,0.28490677657301,-1.08671090677599,-0.381092440691607,-0.577614322825596,-0.769317128147236,-0.429500671480651,0.151398096218788,-0.388647791769774,0.0509649362089525,-0.50375625796209,0.155582883313877
"Cynictis_penicillata",-10.6698623399358,3.81887276094916,-0.597034603986173,0.0751372733735848,1.2485501503287,-0.695273197775523,1.84195002718502,-0.168474919148209,-1.32765945436802,-0.211045490331184,-0.189891655147309,-0.426370742705428,-0.937348796416543,-0.86395047016912,0.277608349211243,-0.332748868656101,-0.501728887606758,-0.0951751301785018,0.0591568185999236,0.186954369818652,-0.689491269185589,-0.896991936358839,0.479056074945396,-0.134752539689019,-0.032390261543753,-0.510799947012376,-0.350834500521479,0.261797644965246,0.271922995140004,1.31110418393144,0.212990675296593,0.00658522267625683,-0.140104224900051,-0.30550937681642,0.257953175068626
"Felis_catus",-5.08549242947796,1.59793082582509,7.6708197737119,-1.4247672086811,1.60947570156745,2.27688199195212,-0.178850560699903,0.816013606764331,0.969328723605244,0.767315021443472,0.237567320323563,-0.469104556565068,-0.928369552338903,-1.87869303255336,0.401240337492529,0.533774018188109,0.521294704180919,-0.764709267309939,-0.81375713459597,0.0610030078561524,0.459960076610033,-0.863891135249764,0.264031621841746,-0.470336952734163,0.263286842060319,-0.35457253279035,-0.027001849535067,-0.0333569617745917,0.598478756359496,-0.59071434171849,0.215383580975798,-0.379278315178602,0.052893687804087,-0.259274863616736,-0.452897953509077
"Felis_margarita",-5.63155339529187,2.37127041916875,8.28171555778378,-0.0650011120102417,1.88256634688275,1.97988153787635,-1.99982980182917,0.608013013432378,-1.05544958971633,1.93543295498603,0.114729249287841,-1.31602541484296,-0.452206966816759,-1.83070334814015,0.268760174678444,-0.447610334207841,0.90466632847671,0.274792107762724,-1.00801769488963,0.918419320843985,0.348627342517105,-2.04363532313692,0.995451904396148,-1.55741390532734,0.248090403668028,-1.33808155626454,-0.588589619063706,-1.39015079396006,0.349231042809506,-0.740528681729463,0.645615491532857,0.042781534409603,-0.195154143197749,0.37336000565007,-0.258921641684351
"Felis_silvestris",-4.39451189789683,1.54463628521749,8.78873948166368,-1.64778697403234,1.32013485466253,1.41571179741656,0.0552625282127451,0.310642071190224,1.16690459016694,1.34931315273825,0.108243268186127,0.057705395022437,-1.27517754438572,-2.16922044028342,0.398812062547762,0.882271561848749,0.397597758230145,-0.152969052587273,-0.683268710522323,0.417809485087966,0.121338369511454,-1.05795271465264,1.05188298398729,-0.794652358846081,0.60709125595184,-1.02561992402712,-0.167301193901755,-0.95100937511451,0.412373012151602,0.0157803140149637,-0.141652924583243,-0.723549738208421,-0.0763046071833575,-0.0540959842368789,0.120988936459391
"Galerella_sanguinea_central",-11.096872286322,4.95234870258082,-0.573950526657878,-0.886912834772821,-0.0838751295874287,-1.4671130110122,2.02422932635285,-2.02840209448468,-1.52219396918034,-0.262960918256654,-0.194975336992733,0.206419768062981,-1.51859657271775,-1.72224138688713,-0.372177882785419,-0.725061978723548,-0.407943961640635,0.818513905696323,0.921020985577913,-0.372517218724498,-0.797888986944831,0.571517567174389,0.742804590279638,0.428880998876451,0.482628399875994,-0.360035632273885,-0.385404801257725,0.476157529214615,0.553485374770688,0.109581685344628,0.0187364121354654,0.126504920337886,0.480579940919233,-0.049058512441407,0.199016620539839
"Galidia_elegans",-9.91279131686413,4.50929504869344,-0.604802858714515,0.198129729279288,-0.740734892929752,-0.85840678272587,0.938808772512588,0.323927609303793,-1.81680872293545,-0.0804407713620281,0.130576148765897,0.409033178325859,-1.99156734970878,-0.0363114169601494,-0.423830795634951,0.286537623468524,-1.13036697848187,0.487042074528296,1.4578324935161,-0.860107199760371,-0.87628043326833,0.882227895416636,0.628441054918827,0.812177234607469,0.957477961255491,-0.487977600261307,-0.123118776716305,-0.744541999578175,0.272827198820939,-1.07813683757432,-0.684419365476496,-0.638592735226858,-0.413313288864625,-0.643501702467115,-0.208911254061197
"Genetta_genetta",-8.39693734130643,1.54704510980201,-1.7460580306544,-0.849447296265375,-2.49279549406718,-0.488734326008875,0.708432193387655,-1.89959789714836,-1.76945030203504,-0.491923940036051,-0.850877972018714,1.84653105644843,-1.40884225793048,0.596090506964098,0.199394673235863,-0.974711214023984,-0.718931504552639,0.590418915455278,-0.694268719771159,-0.44378443352592,0.703681196781128,-0.789264503965416,0.142285924788466,0.830250891937679,0.546889607295505,-0.0234059920604462,-0.639796006184196,-0.571575546887872,-0.272827212100184,0.0830085582039768,0.485474845607233,-0.43044406517231,-0.305173883379222,0.493746203790759,-0.110568055446936
"Genetta_maculata",-8.25013522035074,2.1148390013518,-1.71165294153182,-1.7754850608872,-2.22256071510463,0.0910594422410657,0.193782517042143,-1.33674326133459,-1.68223725646488,-0.930375545249315,-0.728040450965875,1.60449745031674,-1.7279312956997,0.22000188493309,0.267199616545548,-1.25664713213985,-0.463582725154874,0.0652427762970259,-0.921218058396719,-0.614623315444828,0.763027404621678,-0.171354008753347,0.0873753202561231,0.81143084842982,0.780498210649684,0.40788693763799,-0.296973847824152,-0.654608586689605,0.388822480551468,0.0368081341279148,0.521881892868158,0.00199355847502236,-0.0525459682737298,0.315985537318869,0.280085205227301
"Genetta_servalina",-7.85672132799835,2.62636628411253,-2.08811214907937,-1.03986340434767,-2.50119049866993,-0.612171551793312,0.805840773891612,-1.53831330267522,-1.48505467008379,-0.689359879860268,-1.15811022842492,1.45884425595789,-0.929149394601638,0.470193476642485,0.113872884198899,-0.612585678599359,-0.523882627719991,0.30929987091802,-0.570281152401912,-0.528827090509693,-0.0835038228938705,-0.070746405111603,0.480894253193181,1.16546630558741,0.631829537685807,0.285914317481279,-0.750396417320085,-0.283295064115118,-0.144445175731381,0.117341719483729,0.482515004697988,0.0447243979013794,0.0274494889050694,0.0925312584172779,0.46718076595127
"Helogale_parvula",-13.4381482931447,5.64284048259147,-0.911070516453197,0.8182620686643,1.36716682431789,-0.437897495941322,1.18214657927642,0.056140666889424,-1.63621494126522,-0.275153782453953,1.26045315774144,-1.160777300031,-1.05946935361253,-0.391963997672396,0.193390264801242,-0.0691422658159634,-1.33170279119012,-0.590053814075173,0.678222234439081,0.113859667226826,-1.23008344681411,-0.069619931585323,0.649270408091065,0.612069968355095,0.226516147877992,-0.278662707809798,0.118831267775155,0.523259337111152,0.267250301011069,0.328214650800874,-0.468423532544776,0.148983977970076,-0.140646178564176,-0.122748114336282,-0.195854696242526
"Hemigalus_derbyanus",-7.42974013754066,-0.692384754787163,-2.79342689526223,-0.624618478126973,-1.15417409901292,-1.09119309806388,2.08774402759367,-1.98602911252778,-0.303535503891364,-1.58711123044966,-3.13124650992383,1.6979471905233,-2.27880747178081,1.39158811551856,0.353080789927794,-0.802574148328797,0.204411917002617,-0.87703839182194,-0.81605365872117,-0.0489956097284722,0.187321040115965,-0.174516072821285,0.00287595166534543,0.701224232238125,0.704896369035571,-0.204237851556631,-0.120470887224987,0.469438703076964,0.0394162045244739,0.0371069027696537,0.234585568244708,0.108154138965616,-0.191365269747802,-0.0877533500720152,0.253699303727011
"Urva_javanica",-10.687207218879,3.84794824632643,-0.757831971656312,-1.18553009508328,-0.839003725940607,-1.68864358366893,2.20492095575587,-2.75777722148039,-0.987280863779123,-0.74962977792117,-0.548081287031187,-0.154706063417123,-1.52934341719382,-1.54653032960535,-0.406078159952172,-1.58927672036191,-0.217314012600553,0.989545578429075,0.520899811246227,-0.0983175702157723,-0.438938440162815,0.350327469676093,0.818276776877359,0.151228903713575,0.231871548937777,-0.449588243430246,-0.369576803645535,0.569771990993053,0.264209312002807,0.296913483378376,0.0803562158108795,0.288038019185032,0.615251561000318,-0.105139579881164,0.434171667835647
"Urva_urva",-7.52684878063905,1.84432690571664,-0.670411574822636,-1.67996666832854,-0.67643569701999,-1.09992088290888,2.75857197670517,-1.07286334894619,0.0157806978036731,-0.492817286013419,-0.861082400802449,-0.28043156222015,-1.56366849310818,0.136793020217796,0.344825526865398,-0.912125202507588,-0.357873928729386,0.714178554121667,0.594148163976221,0.582104770415753,-0.470368326344176,-0.0759188270060744,1.40038100849756,0.296223669251803,-0.0994214856866409,-0.450114790750396,-0.523195278325448,0.644584858329329,0.285672161502432,0.293430026754484,-0.287507660897101,-0.282628243640958,0.171639352551511,-0.122657312552841,0.715868380178107
"Hyaena_hyaena",10.8420916901366,-12.2843829108151,8.41279656812749,-4.57438988209328,0.386360457452179,2.77074411192619,10.8082769134622,7.68193535232513,-1.5579186102283,-3.52508610966765,-2.72479875560644,-1.05542604458653,0.331219039687291,-1.36810858743246,0.128893722045017,1.56939244989396,-2.47640822729903,1.40618044756056,0.335690829068306,0.557479958252712,0.32104289385013,0.740113134909688,-0.313427374414252,1.19958273513547,0.221334178569575,-0.158031859260078,0.0100008932044901,1.64854627040549,1.66959422054115,0.502588679989199,0.401524496367012,0.434819807694338,0.229117717313787,-0.490838434999992,-0.543149430970194
"Leopardus_geoffroyi",-4.33010052847168,3.40775266019727,6.51140449330826,-2.54504545630689,0.926799480455574,1.40802289899497,-1.7308600333523,0.719718800860383,-0.234962219479398,1.37457937990836,-0.933373236799599,0.139893965924913,-1.13385596092557,-1.31884502094972,0.0985196130957467,-0.260591751600124,0.16520775324869,0.127151979471032,-0.108741472909098,-0.675416625749583,0.480292461399002,-0.353537836011689,-0.401112120859957,0.0866871792507501,1.06243518407369,-0.575426973613415,0.251642643781748,-0.189360352775514,0.266353956681265,-0.09519735657878,0.510475126464297,-0.127164047253706,-0.0366154433621753,0.182081842151992,-0.14057100141118
"Leopardus_guttulus",-4.74212675330641,4.4831316131759,5.70843101281848,-2.07142663714871,1.139167828231,1.5500076986587,-1.90920004012726,1.34892319926399,-0.484845763484883,1.58302066019352,-1.46627533914493,-0.77286814144257,-1.30128482073653,-1.77102957936276,0.756128954934885,-0.225069744140103,0.402302487217158,0.339611329793037,0.285711167145713,-1.53542204621658,-0.421690090735594,-0.296949774523097,-0.182103599910141,0.226756203745481,0.885795454216565,-0.37828665598153,0.284748113257745,-0.0728836946525787,0.0139532069139081,0.0901472430309915,0.191340426722496,-0.60354183187107,0.370085276295445,-0.195590448679231,-0.226947004121724
"Leopardus_mitis",0.711039217979753,1.32472774235938,8.51975955347425,-4.20144373686416,-0.62640861803616,1.79959625316759,-3.78079665542846,0.448497502908102,0.499262940344285,0.857479150661209,-1.21122605237599,-0.435569400152803,-1.27423776398583,-0.280999056459741,-0.0887065490399943,0.113709805130568,-1.01561002103328,-0.726073620425866,-0.461652205507071,-0.696433876199665,0.156445866443865,0.0521888723445551,0.610245417759214,-0.202803393957827,0.28931772169762,-0.346024081124767,0.30297058449953,0.197431310925013,0.2798790645001,0.507190759133707,-0.0371787215099933,0.0491837306234532,-0.365301472297396,0.0556493418441229,-0.404504325958759
"Leopardus_wiedii",-4.13456588567964,3.77817067662597,5.99265637920931,-2.06824332210505,0.786769276415942,1.88572891666952,-1.88592440517905,1.21936322072792,-0.318341711469126,1.72417333134369,-0.726173725183034,-0.78004273337203,-1.1308104928032,-0.532763308080306,0.362095033405937,0.0757363111229099,-0.0470391760626089,-0.700767978645132,0.592266635242502,-0.933562664237539,0.0060218208800871,-0.808501935805226,0.139817312501364,-0.0320691685433584,0.57104802602993,-0.317152307345507,-0.218611731607553,0.0515672439660212,-0.578227863399315,0.913981678923197,0.331364094816862,-0.0649807767132806,-0.339050201925449,-0.0509692763769028,0.35594890690043
"Leptailurus_serval",-1.03273536371657,0.166629081630954,9.27693434873464,-2.62394016758858,1.61358288288379,2.52331935753715,-2.37005731493408,-0.244470473030261,-0.570225242877792,1.82988317541133,-0.566006551919515,-0.65042530315531,-0.325533951211023,-1.36566752425885,0.754299638819765,1.90895543195606,1.35351142105343,0.463051130721653,-1.20453280466792,0.0799613183651129,-0.235452369996306,0.771902159667425,0.429626132650379,0.776487522259703,-0.527550848792701,-0.386217302513175,-0.0075246175796512,0.115262446691402,0.100458965026555,0.0981976746238059,-0.909372290610181,0.472889793069467,-0.649594424781369,-0.318720056247821,0.00990838471303387
"Lynx_lynx",1.83991267137405,-2.63446937663965,11.440968043067,-3.46515132074481,1.37632649249907,1.0079672323686,-1.95013481285887,-0.69218099789153,0.465696622231301,2.66821130095857,0.580724055990984,1.55788926320224,-0.244312135651419,0.906788354260675,-0.454375318813947,2.05055399554383,-0.205597042238214,-0.896817247010152,-0.155756573092749,0.347892428600562,1.42050262547127,1.22572775543507,2.08285849179864,-1.48979544078934,-0.408149363358826,-0.943233725972287,-1.54288659308356,1.57550896272975,-0.824768818095648,1.00993792219463,-0.538639823746992,-0.16898163878276,-0.220318670017889,-0.427465462058751,0.27976372172741
"Lynx_rufus",-1.43812303020584,0.168232099591494,9.79593214864441,-4.0077011295455,1.99734698186924,1.48816105593634,-1.9237286832903,0.354171112481771,-0.339363362353784,2.84051087058919,-0.619753899880277,0.0278625309000203,0.0374585073724506,-0.759915949628329,-0.234749925052817,0.160968736246751,0.276542781396337,0.116619447068728,-0.604920701001189,0.168263217974674,-0.884510465016134,0.214321536611735,1.39429426311191,-0.615927874198883,-0.150005074121949,-0.430427446594224,-1.06160075954317,0.386891323515055,0.0763277503314839,0.639795922774312,-0.388240214367973,-0.604626925464016,-0.251717205531024,0.3656553275193,0.313054740357965
"Mungos_mungo",-10.3851449882254,4.38779220338472,-1.07344077087183,-0.179558200113514,0.532571857401009,-1.54180578946197,1.35063054456448,-0.595352921372575,-1.15375635447683,-0.0388019083900459,0.13638735838504,-1.41402409779161,-0.777971318827762,-0.225758891583127,0.209771094063331,0.396442041360227,-0.581852443134523,-0.199051864264352,0.622194414205212,0.440008848630699,-1.14573555351452,0.25144757527385,1.04016780057649,-0.100593075802231,0.00867348252429179,-0.0294399339099569,0.217875109040683,0.743835364648321,-0.113744561017181,0.250649524815597,-0.339153181223901,-0.110204204932392,-0.307675737099787,-0.384088893234563,0.193725462852108
"Nandinia_binotata",-7.7217869449109,1.62958798692235,-0.828834978325852,-0.801630590203488,-1.4575728593788,-0.678035488120961,0.738550089496538,-2.9790178464526,-1.83743760153941,-0.674988319876504,-1.19050072120116,1.12566418517611,-0.293606594416855,2.04450535786802,-0.680208311156673,1.15641085466506,-0.0748378581585993,-0.321541356605008,0.182410182317406,0.0216832530960606,0.322702964819591,1.70704375652101,-0.240968649094562,-0.0953690375384967,0.165966548438571,-0.381571358265276,0.70785844011272,-0.665196848012474,0.0173635247948352,0.176442818549793,-0.534438968798268,0.0487710782549442,0.515471765837663,-0.666535913651174,-0.300756018813131
"Neofelis_diardi",0.834686715476081,-3.15143404015275,9.21221312757507,-4.14033866884127,0.836096489400737,1.63034568328721,-1.79280654944396,-1.73706387905065,-0.268853213568836,0.636527891862642,-0.901858885504464,0.57175499086928,-0.337578808680274,-1.04278555868682,1.4079458904113,-0.51062199546875,-0.499214043394307,0.863893005199095,-1.11486841449891,0.73653594486161,0.569152007574919,0.942851354050929,-1.85586985295987,-0.145612515537558,-0.201831801878144,-0.219573976428074,0.514833908860305,0.410800118077477,0.258233715828311,-0.160996370185365,0.484054135303827,0.0706117234647809,-0.79734058925046,0.492419002273556,-0.0105328838713194
"Paguma_larvata",-4.29098968532877,0.303877828116599,0.0875464897151792,-3.87106826358064,-2.57878788639435,-0.707837442950556,0.641055416150969,-5.0279778222378,-0.413192229212783,-0.515487564152888,-2.09222478164433,1.83765112497321,-0.779634155122184,3.16721734768982,-0.920265984232321,0.787520640203019,0.330786361868882,-0.945228791213524,1.80746756064923,-0.833929888723237,0.444496767451493,0.681523823700116,0.405555909411401,1.07011527949434,-0.621079597083938,-0.387622808308022,0.327542256415912,0.302026286205129,-0.295637069523308,-0.328322660720549,0.00154581418967104,0.646124503928654,-0.402928265011237,-0.0250416579701633,0.0717784036224183
"Panthera_leo",13.1517781959511,-16.9472817179844,17.165425475696,-2.96627448357898,6.76739870250123,-1.67918459353866,-2.19070684043678,-7.11886469035925,-3.33541932478949,-5.97051838678243,3.12820132552652,-0.917359615694184,2.36199718720118,3.11767334004737,-2.92009793211607,-3.24156603087279,-2.2878347976266,1.73167479790693,0.997547092590533,1.71335808076557,0.329245794698281,-1.42154216519732,-1.39879324150401,-1.19105801779502,0.41562375558171,-0.465832489836825,-0.842408918670532,0.894812537098902,0.0293529671707947,-0.328438431858316,1.13618955366499,0.501012194418159,-0.506997596116811,-0.375016255792834,-0.394468008360467
"Panthera_onca",9.55428336773284,-8.16265478792076,12.0905947416833,-6.06003044985471,3.22426721756806,-0.852109091975764,-4.68569601295642,-2.40289591759773,-0.627725133742842,-0.139806261535935,0.598841032168337,1.03443658943444,-1.07115650097309,1.2960054838294,0.0195074658781799,-0.113102076238184,-2.0988209041194,1.5881736788022,1.07444651177717,1.44774362331576,0.787295678079719,-1.24424433606833,-1.92291164251968,-0.0485138422818902,-1.86304584884203,0.232853154882144,-1.61645904700828,0.8046334547761,1.14802250302251,-0.726186044901767,-0.14375554010617,0.648790743565698,0.204123182257842,0.735897197932624,0.48865516636792
"Panthera_pardus",5.64258095127045,-4.21680613098213,12.2720019864189,-4.96612978708741,1.92147543339917,-0.92456844428551,-1.64630168194591,-2.97545359814265,1.00349498836057,-0.371171573371209,-0.403470711485071,1.2664560245663,1.16228323199077,-0.131106693546191,0.967416058959289,-0.767286149712279,-0.29005549777737,0.764773786638038,-0.871035577208231,0.00178159954690338,0.165367007071989,1.08040179347415,-0.799305295083291,-0.891173708036857,-0.330084258986766,0.731515598251282,-0.053071641159028,0.534282286522496,-0.520300780316232,0.283515064574381,0.129544624290459,-0.674735345612769,-0.00293360078223248,0.294868502514829,0.360609957314872
"Panthera_tigris",13.1224307465397,-16.2583795384333,15.7983960855773,-7.28946448806337,5.65774559976314,-3.57670343132657,-1.92579679491014,-4.44718253172028,2.2938494600666,-3.8869045424651,1.63167661311741,-0.385935835477786,1.55487908662934,-0.065820476870893,0.813431584042167,1.56333073870378,2.12855360045331,3.4855448290747,0.214814494166816,3.63790435533539,-0.541135381463976,1.38688809155621,-1.77831686591381,0.972295721041945,0.842154729806254,-0.112709249192263,0.507836500316259,-1.08937393264194,-0.930433197469155,0.589617401935191,-1.35966738380251,-0.856680025854793,1.6280317197737,-0.486298627543074,-0.471717408166044
"Panthera_uncia",4.63057951827377,-4.71363605028212,11.4788103990589,-4.0829704618205,2.36579277149306,2.55784253726387,-0.513088105472661,-0.502628036175195,2.01331151158977,-2.24436246644241,1.54311150997327,0.622620520394028,0.963842837167528,1.76015433390017,-0.54773779413401,0.718066589956869,1.80186420655326,-0.201442587197176,0.569655153974614,-2.32370300890181,0.413774152757642,0.147588505626481,-1.15411489415747,-0.100599186307632,1.3290861314568,0.612094872320531,-0.0237707167275994,0.465199222827236,-1.71834638852658,-0.588928623275984,-0.53517426802332,-0.0937247028437329,-0.272885988972264,-0.189439382553068,0.688514347045245
"Paradoxurus_musanga",-6.75974659079407,0.14774492741043,-1.22751947248177,-2.28164756517977,-2.92417860422098,0.576295222051374,0.148544684954496,-3.59101646095435,-1.20854773005252,-1.04652738250088,-1.6435310840405,1.62932086042636,-1.62307644845669,3.82681384549679,-1.0073617398773,0.458056780352109,-0.422294772685902,-1.41767159724065,0.375559299127074,-0.734625909190487,1.50855615417451,0.0208349779069339,0.513422515339609,0.906990441287657,-0.0380801959847561,-0.540877230434647,-0.103157158367445,0.107256581393166,-0.598026466905849,-0.040446100745926,-0.485471178778679,0.507051528584106,-0.136583402241382,-0.711443561277986,-0.437905490783002
"Parahyaena_brunnea",11.5560567642896,-16.635123368244,9.75110701025263,-3.22745738276982,-0.954701216052974,3.29321235227372,11.780001847512,8.75592262742298,-2.38250978081422,-2.19838694618978,-1.35670980692496,0.902300419952586,0.957796675473852,1.24903194365608,-0.508799124059027,0.549025305727023,-2.51708351408264,-1.71730859128552,-0.246389822275565,-0.808153665064462,2.12116893806795,0.375004618996537,-1.27240171584622,0.228375663789904,0.416942202499911,-1.29862738207931,0.43453063928704,-1.725746524466,0.561657527737613,0.559139386892035,0.268989245306745,-0.635486745527267,-0.0810429796303971,0.900037507476347,-0.0637466620135914
"Prionailurus_bengalensis",-5.41878054372868,2.84863772428526,6.75541357083571,-1.83721395615649,1.39018417443594,1.6594694872575,-1.06749994124931,-0.292782932207974,-0.362840826179531,1.5059418740803,-0.64250020802433,0.179883259566052,-1.09305058141419,-1.92602395090878,0.604835093378034,1.03526955163682,0.165244123361821,-0.717927671328639,-1.16789034535898,-0.255063745196451,0.491248516428177,-0.0256975022046072,-1.07816785582073,-0.202761076946973,0.139395171660765,-0.310909078346152,0.267504832588726,-0.0534140772468761,0.215103105269487,0.127885117697278,0.59684855567343,-0.225566434715484,0.0342097124749505,-0.21700675259313,-0.293724424218691
"Proteles_cristata",-2.28638235690643,-6.43908073010862,1.85149022069643,-0.411844351043879,4.29976941366621,-0.82849388164244,1.93112421706177,-2.07332144871688,-1.87197431160602,-0.998874548079922,-4.80841555228478,-4.07096432448152,-0.326085286199634,0.957497784134623,-1.07289791424146,-1.71186035226604,-0.0730007730096156,-0.0542234278674985,-1.22419844325435,4.35975369620181,-1.80988573895912,0.15246261934195,2.18534710935599,-1.53169522151131,0.85490874302667,1.47092271384535,0.0890836047068787,-0.976230243241162,0.686595643698603,-1.38505063571823,-0.902185608507767,0.488249129240066,-1.4937261226539,-0.00925322745575087,-0.623209374373876
"Puma_concolor",6.60122061742748,-2.97859228181088,12.3733757757266,-5.74334091804894,2.80630084337864,0.0731660870439795,-5.69798982674327,-2.01821827246957,0.528978132699571,2.62649473743343,-0.743549221275255,0.562093842520152,-1.01428657893205,-0.390902445075452,1.34558995352328,0.494304892163062,-0.314288058877827,-1.64930027509398,-0.018724947709994,0.108500161793315,-1.18327221247691,0.955405471247779,-0.823767685321961,0.728609534095826,-1.83387368352527,1.1744004607599,2.0748494734531,-0.453118862749966,1.17997766383438,0.223663189249331,0.923148409281251,0.476024311570207,0.641449232929521,-0.142363635902291,0.733326931981639
"Puma_yagouaroundi",-2.883163860249,3.56669511076763,6.78632648794558,-2.77016935979817,0.506493242219528,0.804688752169138,-2.51733583591977,0.326638693767586,-0.462310934487926,1.35336851335714,-1.8521544025693,-0.258580136538358,-2.07754418027744,-1.82145107355452,0.196202866237308,-1.26162613607721,0.632276374688765,0.0706730532916176,1.27252049430162,-1.69723240640168,-0.448873806715044,0.644941118066503,0.323997012536515,0.618131596881459,0.502596402625799,0.129047500949689,0.0935955041423599,-1.15021591195583,0.0997780922752671,0.316445528765456,0.120576695939173,-0.623425253718968,1.20320960671155,0.103528104662778,0.153112134374196
"Suricata_suricatta",-10.7360286609464,4.16621727820386,-0.304476742733469,0.415543541827037,1.48945224834326,-1.81490161936609,2.42726165642448,1.15949305652116,-0.393144344914427,0.995523266411113,1.21593201423219,-0.851038397214784,-0.0177815207364151,0.0493474112472845,0.460085458972984,1.31347388321181,-0.646055944664966,-1.11823226191767,0.547657075349933,0.920809548402256,-1.47810546940035,-0.86039671017914,0.515065141999143,-0.588555366052822,-0.81415360634749,-0.233529020457806,0.409810756227206,-0.332776487075351,0.522434800187434,1.61235920958159,-1.00822044781666,-0.12498883509943,-0.259452910860676,-0.221077182738064,-0.085471040401889
"Viverra_zibetha",-2.62013652149332,-3.63049379584796,-4.51575721372967,-2.11382162237474,-2.43322983804702,-1.1003192421435,0.784749306057485,-1.80873982767387,-1.3479477512735,-2.76712372032486,-3.2953079850433,1.83405333068072,-2.18949335468448,2.13207315433123,1.56743964168203,0.0221009818715473,2.1756949702169,-1.32711973041656,-2.24738388807092,0.734541767212481,0.908694657157498,0.965616566358109,0.725303244718151,-0.261472348374273,0.10518012599824,0.885654880266608,0.246763829064021,0.146500767861835,-0.352991442827192,0.371725547128765,0.442440713996829,0.599241135514892,0.652438448230345,0.137845614995673,0.036414612928794
"Viverricula_indica",-7.55461186746318,1.49072540472263,-0.920408541930076,-2.08649381066385,-1.54919734211908,-0.93838196426133,0.799557494698866,-1.48521671912896,-2.0583798998165,-1.19377161616817,-2.14914557304606,1.76980742562527,-3.19188523897733,-2.1594158385622,1.10040588532038,-2.23390355676994,0.550474148592535,-0.461312769193719,-1.6744722499863,-0.238061136882003,0.152640567738877,0.583240877616215,-0.862322249819165,-0.387680013981721,0.343891727777774,1.30098923089885,-0.236470846469646,-0.552496714865858,-0.453822048804405,0.519727421568308,0.0677368653504307,0.806687847294824,-0.515435265683379,0.551550473958764,-0.241642206819497
